task_id,arrival_time,workload_type,duration_seconds,cpu_intensity,memory_gb,sla_latency_ms
task_000000,2025-11-09 09:04:38.057975,api_request,0.30868455322645505,0.3,0.5,500
task_000001,2025-11-09 09:07:31.838610,api_request,0.496406630836728,0.3,0.5,500
task_000002,2025-11-09 09:08:17.548267,ml_inference,60.0,0.9,4.0,2000
task_000003,2025-11-09 09:10:53.432398,api_request,0.2978542058889822,0.3,0.5,500
task_000004,2025-11-09 09:13:26.251953,data_processing,2.688897654185569,0.8,2.0,5000
task_000005,2025-11-09 09:15:53.101247,api_request,0.7504997535760622,0.3,0.5,500
task_000006,2025-11-09 09:17:26.172260,scheduled_job,234.22213399708528,0.5,1.0,30000
task_000007,2025-11-09 09:17:27.234929,scheduled_job,335.4351875348905,0.5,1.0,30000
task_000008,2025-11-09 09:26:15.295143,api_request,0.10600288599708563,0.3,0.5,500
task_000009,2025-11-09 09:27:38.212718,ml_inference,12.247004567450363,0.9,4.0,2000
task_000010,2025-11-09 09:30:09.644633,batch_analytics,419.0914381421423,0.7,3.0,60000
task_000011,2025-11-09 09:34:02.373834,api_request,0.1356491085108486,0.3,0.5,500
task_000012,2025-11-09 09:34:50.168400,data_processing,27.157887227474504,0.8,2.0,5000
task_000013,2025-11-09 09:36:55.474486,data_processing,18.17433325513897,0.8,2.0,5000
task_000014,2025-11-09 09:37:10.148760,api_request,0.2055788675893419,0.3,0.5,500
task_000015,2025-11-09 09:37:43.395617,scheduled_job,116.10273343913678,0.5,1.0,30000
task_000016,2025-11-09 09:50:50.901067,data_processing,8.29676822650643,0.8,2.0,5000
task_000017,2025-11-09 09:52:04.256877,scheduled_job,233.2291068727083,0.5,1.0,30000
task_000018,2025-11-09 09:55:20.036550,ml_inference,21.534940769705937,0.9,4.0,2000
task_000019,2025-11-09 10:00:00.538612,data_processing,13.941935665203177,0.8,2.0,5000
task_000020,2025-11-09 10:00:24.585704,api_request,0.15692873671845212,0.3,0.5,500
task_000021,2025-11-09 10:02:10.210773,api_request,0.1,0.3,0.5,500
task_000022,2025-11-09 10:02:30.842839,scheduled_job,314.79613070842555,0.5,1.0,30000
task_000023,2025-11-09 10:22:09.527907,data_processing,38.53902625076744,0.8,2.0,5000
task_000024,2025-11-09 10:23:12.240470,data_processing,30.687239989288408,0.8,2.0,5000
task_000025,2025-11-09 10:23:45.351932,api_request,1.0,0.3,0.5,500
task_000026,2025-11-09 10:24:18.800287,data_processing,16.154624751175064,0.8,2.0,5000
task_000027,2025-11-09 10:26:36.298401,api_request,1.0,0.3,0.5,500
task_000028,2025-11-09 10:26:47.102521,ml_inference,11.153486956727885,0.9,4.0,2000
task_000029,2025-11-09 10:28:20.607782,api_request,0.1952243480997806,0.3,0.5,500
task_000030,2025-11-09 10:29:42.011358,api_request,0.40815183853081194,0.3,0.5,500
task_000031,2025-11-09 10:33:23.350563,api_request,1.0,0.3,0.5,500
task_000032,2025-11-09 10:35:58.736304,scheduled_job,175.7791481024603,0.5,1.0,30000
task_000033,2025-11-09 10:37:21.725494,batch_analytics,63.56892402116511,0.7,3.0,60000
task_000034,2025-11-09 10:38:10.087531,ml_inference,37.902282918020106,0.9,4.0,2000
task_000035,2025-11-09 10:39:17.972613,data_processing,17.571069413925326,0.8,2.0,5000
task_000036,2025-11-09 10:39:58.220013,data_processing,23.74865388986952,0.8,2.0,5000
task_000037,2025-11-09 10:42:36.581279,ml_inference,10.248083205796497,0.9,4.0,2000
task_000038,2025-11-09 10:43:48.086630,api_request,0.4050940790448908,0.3,0.5,500
task_000039,2025-11-09 10:45:24.127814,api_request,0.11708271174009718,0.3,0.5,500
task_000040,2025-11-09 10:50:57.835317,ml_inference,60.0,0.9,4.0,2000
task_000041,2025-11-09 10:54:21.833481,ml_inference,44.36992949796479,0.9,4.0,2000
task_000042,2025-11-09 10:54:51.111840,api_request,0.39064038841619675,0.3,0.5,500
task_000043,2025-11-09 10:56:03.970789,api_request,0.7319571293145478,0.3,0.5,500
task_000044,2025-11-09 10:56:31.426056,data_processing,11.17505048325407,0.8,2.0,5000
task_000045,2025-11-09 10:58:19.632070,scheduled_job,506.05534255102947,0.5,1.0,30000
task_000046,2025-11-09 11:01:16.201683,scheduled_job,169.8400507468487,0.5,1.0,30000
task_000047,2025-11-09 11:02:06.030186,api_request,0.2678920859474691,0.3,0.5,500
task_000048,2025-11-09 11:03:20.872765,scheduled_job,103.39734847732711,0.5,1.0,30000
task_000049,2025-11-09 11:06:12.333320,data_processing,26.243091575796413,0.8,2.0,5000
task_000050,2025-11-09 11:07:35.077124,data_processing,19.06585595934237,0.8,2.0,5000
task_000051,2025-11-09 11:08:20.350935,batch_analytics,600.0,0.7,3.0,60000
task_000052,2025-11-09 11:13:54.391281,data_processing,7.993340051027639,0.8,2.0,5000
task_000053,2025-11-09 11:17:34.251115,scheduled_job,312.7246402218508,0.5,1.0,30000
task_000054,2025-11-09 11:17:49.737597,data_processing,48.348363052061465,0.8,2.0,5000
task_000055,2025-11-09 11:18:44.186312,ml_inference,60.0,0.9,4.0,2000
task_000056,2025-11-09 11:19:12.845249,scheduled_job,259.3516397032166,0.5,1.0,30000
task_000057,2025-11-09 11:21:14.334980,api_request,0.278932543045797,0.3,0.5,500
task_000058,2025-11-09 11:21:41.384135,scheduled_job,254.02842314102267,0.5,1.0,30000
task_000059,2025-11-09 11:22:48.987804,ml_inference,53.65644285427807,0.9,4.0,2000
task_000060,2025-11-09 11:25:30.358071,api_request,1.0,0.3,0.5,500
task_000061,2025-11-09 11:26:02.759578,data_processing,17.014547310288563,0.8,2.0,5000
task_000062,2025-11-09 11:28:00.266670,api_request,1.0,0.3,0.5,500
task_000063,2025-11-09 11:29:55.073707,api_request,0.3632925947760828,0.3,0.5,500
task_000064,2025-11-09 11:32:09.428720,api_request,0.724874855492782,0.3,0.5,500
task_000065,2025-11-09 11:33:45.971991,api_request,0.5730023742216142,0.3,0.5,500
task_000066,2025-11-09 11:33:54.166155,api_request,0.2704525011563637,0.3,0.5,500
task_000067,2025-11-09 11:38:01.207566,data_processing,8.940534512440573,0.8,2.0,5000
task_000068,2025-11-09 11:47:34.056777,ml_inference,49.51374662027173,0.9,4.0,2000
task_000069,2025-11-09 11:50:24.246896,api_request,1.0,0.3,0.5,500
task_000070,2025-11-09 11:50:26.225428,ml_inference,25.82925065730994,0.9,4.0,2000
task_000071,2025-11-09 11:53:06.062384,data_processing,18.341514431527333,0.8,2.0,5000
task_000072,2025-11-09 11:54:47.658766,api_request,0.14406594882830376,0.3,0.5,500
task_000073,2025-11-09 11:54:47.786529,data_processing,48.35971027045946,0.8,2.0,5000
task_000074,2025-11-09 11:54:57.718912,api_request,0.46411543465773064,0.3,0.5,500
task_000075,2025-11-09 11:55:30.958464,api_request,0.300779977793877,0.3,0.5,500
task_000076,2025-11-09 11:56:30.041641,ml_inference,37.54579402036174,0.9,4.0,2000
task_000077,2025-11-09 12:03:54.444986,data_processing,6.370893837909444,0.8,2.0,5000
task_000078,2025-11-09 12:04:27.472486,data_processing,8.40022477295249,0.8,2.0,5000
task_000079,2025-11-09 12:04:53.266609,api_request,0.2151438833582015,0.3,0.5,500
task_000080,2025-11-09 12:07:04.748893,api_request,0.55815086061475,0.3,0.5,500
task_000081,2025-11-09 12:08:13.376550,scheduled_job,256.29850681437256,0.5,1.0,30000
task_000082,2025-11-09 12:09:41.366026,ml_inference,31.071801344942628,0.9,4.0,2000
task_000083,2025-11-09 12:10:50.131725,api_request,0.8989818805963353,0.3,0.5,500
task_000084,2025-11-09 12:12:12.669617,scheduled_job,380.2147949268615,0.5,1.0,30000
task_000085,2025-11-09 12:14:38.367383,api_request,1.0,0.3,0.5,500
task_000086,2025-11-09 12:14:54.592709,data_processing,45.33992810037179,0.8,2.0,5000
task_000087,2025-11-09 12:15:52.195915,data_processing,16.983097635123578,0.8,2.0,5000
task_000088,2025-11-09 12:16:28.394621,api_request,0.24110691284307934,0.3,0.5,500
task_000089,2025-11-09 12:17:26.278575,ml_inference,17.39350564953565,0.9,4.0,2000
task_000090,2025-11-09 12:24:03.080251,scheduled_job,391.5991874023173,0.5,1.0,30000
task_000091,2025-11-09 12:24:03.111018,api_request,0.26115494996237926,0.3,0.5,500
task_000092,2025-11-09 12:24:50.345455,scheduled_job,400.9055111836494,0.5,1.0,30000
task_000093,2025-11-09 12:30:46.712923,api_request,0.6053440613609762,0.3,0.5,500
task_000094,2025-11-09 12:32:19.898307,batch_analytics,105.03844439454532,0.7,3.0,60000
task_000095,2025-11-09 12:34:23.927549,ml_inference,44.581064977334464,0.9,4.0,2000
task_000096,2025-11-09 12:36:04.204630,api_request,0.4963755792242603,0.3,0.5,500
task_000097,2025-11-09 12:36:14.601671,api_request,1.0,0.3,0.5,500
task_000098,2025-11-09 12:38:54.947310,api_request,0.36429621746124935,0.3,0.5,500
task_000099,2025-11-09 12:39:28.743552,api_request,0.29031286299614606,0.3,0.5,500
task_000100,2025-11-09 12:42:04.359153,data_processing,8.049239287704852,0.8,2.0,5000
task_000101,2025-11-09 12:45:25.136161,ml_inference,7.958823493411299,0.9,4.0,2000
task_000102,2025-11-09 12:48:28.399875,api_request,0.7913569096534991,0.3,0.5,500
task_000103,2025-11-09 12:48:49.665687,scheduled_job,600.0,0.5,1.0,30000
task_000104,2025-11-09 12:50:30.189260,api_request,0.34033949386885126,0.3,0.5,500
task_000105,2025-11-09 12:57:20.000079,ml_inference,16.33755009670377,0.9,4.0,2000
task_000106,2025-11-09 12:57:53.973397,api_request,0.39132747292922454,0.3,0.5,500
task_000107,2025-11-09 13:00:39.521417,api_request,0.937302105152278,0.3,0.5,500
task_000108,2025-11-09 13:01:56.427549,ml_inference,8.905250231936012,0.9,4.0,2000
task_000109,2025-11-09 13:02:02.403911,api_request,0.44773350111286936,0.3,0.5,500
task_000110,2025-11-09 13:02:05.213695,scheduled_job,484.3634165964581,0.5,1.0,30000
task_000111,2025-11-09 13:02:45.297554,scheduled_job,331.47510800232016,0.5,1.0,30000
task_000112,2025-11-09 13:09:11.881958,data_processing,2.151010409091811,0.8,2.0,5000
task_000113,2025-11-09 13:09:52.518095,api_request,0.6363847041821353,0.3,0.5,500
task_000114,2025-11-09 13:10:43.046573,data_processing,28.14826176005903,0.8,2.0,5000
task_000115,2025-11-09 13:11:46.057395,scheduled_job,600.0,0.5,1.0,30000
task_000116,2025-11-09 13:12:26.174220,data_processing,60.0,0.8,2.0,5000
task_000117,2025-11-09 13:15:29.845682,data_processing,53.541394662112985,0.8,2.0,5000
task_000118,2025-11-09 13:20:51.303800,ml_inference,19.863233001725703,0.9,4.0,2000
task_000119,2025-11-09 13:21:16.273241,api_request,0.10271214388233176,0.3,0.5,500
task_000120,2025-11-09 13:21:52.680810,api_request,1.0,0.3,0.5,500
task_000121,2025-11-09 13:25:38.748271,batch_analytics,192.86080901934375,0.7,3.0,60000
task_000122,2025-11-09 13:26:16.844319,data_processing,19.36380266017833,0.8,2.0,5000
task_000123,2025-11-09 13:26:40.897064,data_processing,60.0,0.8,2.0,5000
task_000124,2025-11-09 13:27:59.162502,api_request,0.2042871367078241,0.3,0.5,500
task_000125,2025-11-09 13:30:45.337071,data_processing,6.504573304986524,0.8,2.0,5000
task_000126,2025-11-09 13:31:29.173527,api_request,0.26245016752875244,0.3,0.5,500
task_000127,2025-11-09 13:32:43.213155,batch_analytics,127.57961460173652,0.7,3.0,60000
task_000128,2025-11-09 13:36:17.336856,api_request,0.12011493003226949,0.3,0.5,500
task_000129,2025-11-09 13:37:28.101215,data_processing,17.497168463590995,0.8,2.0,5000
task_000130,2025-11-09 13:39:23.751928,api_request,0.39522483598309033,0.3,0.5,500
task_000131,2025-11-09 13:40:15.385021,api_request,0.11529128120430542,0.3,0.5,500
task_000132,2025-11-09 13:41:55.217963,api_request,0.2889159293815576,0.3,0.5,500
task_000133,2025-11-09 13:44:21.450324,ml_inference,10.24508828868835,0.9,4.0,2000
task_000134,2025-11-09 13:48:02.764116,data_processing,4.171958326122749,0.8,2.0,5000
task_000135,2025-11-09 13:49:20.670700,scheduled_job,243.3980685402571,0.5,1.0,30000
task_000136,2025-11-09 13:51:34.320398,api_request,0.4388072752885509,0.3,0.5,500
task_000137,2025-11-09 13:53:48.678832,api_request,0.2027406427462138,0.3,0.5,500
task_000138,2025-11-09 13:56:11.379454,api_request,0.8750742295379998,0.3,0.5,500
task_000139,2025-11-09 14:00:10.173888,data_processing,19.021555627262927,0.8,2.0,5000
task_000140,2025-11-09 14:00:15.308440,ml_inference,10.61001228327073,0.9,4.0,2000
task_000141,2025-11-09 14:05:20.674168,data_processing,5.570874312591587,0.8,2.0,5000
task_000142,2025-11-09 14:07:27.382049,data_processing,23.155326597488802,0.8,2.0,5000
task_000143,2025-11-09 14:09:53.441742,data_processing,28.09252544183154,0.8,2.0,5000
task_000144,2025-11-09 14:10:13.378850,api_request,0.25140222945911794,0.3,0.5,500
task_000145,2025-11-09 14:11:05.698969,api_request,0.4161049096918197,0.3,0.5,500
task_000146,2025-11-09 14:12:06.318728,api_request,1.0,0.3,0.5,500
task_000147,2025-11-09 14:13:10.016804,api_request,0.7582206652109997,0.3,0.5,500
task_000148,2025-11-09 14:17:40.872714,api_request,0.1,0.3,0.5,500
task_000149,2025-11-09 14:23:26.788863,api_request,0.2081336351833244,0.3,0.5,500
task_000150,2025-11-09 14:24:54.768477,data_processing,16.835974733869644,0.8,2.0,5000
task_000151,2025-11-09 14:26:23.113152,api_request,0.3934620071064175,0.3,0.5,500
task_000152,2025-11-09 14:27:16.095796,api_request,0.42344631593498655,0.3,0.5,500
task_000153,2025-11-09 14:28:26.092296,data_processing,26.631002470338974,0.8,2.0,5000
task_000154,2025-11-09 14:30:34.299552,api_request,0.3419390482919972,0.3,0.5,500
task_000155,2025-11-09 14:31:11.392154,data_processing,18.984127251753335,0.8,2.0,5000
task_000156,2025-11-09 14:34:00.229104,scheduled_job,475.88997806832526,0.5,1.0,30000
task_000157,2025-11-09 14:34:02.561588,ml_inference,23.528744785223708,0.9,4.0,2000
task_000158,2025-11-09 14:34:06.458449,api_request,0.1481939723720895,0.3,0.5,500
task_000159,2025-11-09 14:36:32.723877,api_request,0.40357032913710994,0.3,0.5,500
task_000160,2025-11-09 14:37:53.075872,data_processing,16.872642355131116,0.8,2.0,5000
task_000161,2025-11-09 14:41:05.616295,data_processing,4.149734214373712,0.8,2.0,5000
task_000162,2025-11-09 14:42:03.812908,api_request,0.4204763012134906,0.3,0.5,500
task_000163,2025-11-09 14:42:18.498927,api_request,0.1626113329293689,0.3,0.5,500
task_000164,2025-11-09 14:43:33.081223,ml_inference,40.613043532368685,0.9,4.0,2000
task_000165,2025-11-09 14:44:25.161004,data_processing,26.318681582650413,0.8,2.0,5000
task_000166,2025-11-09 14:46:35.850302,data_processing,7.196638618409272,0.8,2.0,5000
task_000167,2025-11-09 14:47:07.774305,api_request,0.771877875015831,0.3,0.5,500
task_000168,2025-11-09 14:47:19.805937,ml_inference,56.96834506944791,0.9,4.0,2000
task_000169,2025-11-09 14:50:36.870424,ml_inference,15.30969537248612,0.9,4.0,2000
task_000170,2025-11-09 14:54:56.668082,scheduled_job,199.3835563929716,0.5,1.0,30000
task_000171,2025-11-09 14:55:13.053895,api_request,0.7077915462675847,0.3,0.5,500
task_000172,2025-11-09 14:55:24.801514,data_processing,53.09037861626773,0.8,2.0,5000
task_000173,2025-11-09 15:00:43.970670,ml_inference,4.945756486384742,0.9,4.0,2000
task_000174,2025-11-09 15:03:13.624143,data_processing,7.812698163652713,0.8,2.0,5000
task_000175,2025-11-09 15:05:48.621360,data_processing,13.46201604547979,0.8,2.0,5000
task_000176,2025-11-09 15:06:43.541745,api_request,0.28918759011733386,0.3,0.5,500
task_000177,2025-11-09 15:08:28.589249,api_request,0.6903725859232823,0.3,0.5,500
task_000178,2025-11-09 15:09:27.024512,api_request,1.0,0.3,0.5,500
task_000179,2025-11-09 15:09:35.210904,api_request,1.0,0.3,0.5,500
task_000180,2025-11-09 15:09:45.495451,api_request,0.1,0.3,0.5,500
task_000181,2025-11-09 15:13:23.239966,data_processing,9.814172070329999,0.8,2.0,5000
task_000182,2025-11-09 15:14:07.861236,data_processing,6.966022670276412,0.8,2.0,5000
task_000183,2025-11-09 15:15:38.712271,batch_analytics,138.20056153764656,0.7,3.0,60000
task_000184,2025-11-09 15:16:02.839905,data_processing,9.784903198209507,0.8,2.0,5000
task_000185,2025-11-09 15:16:22.946253,data_processing,26.252792371357412,0.8,2.0,5000
task_000186,2025-11-09 15:16:51.371075,api_request,0.5727964420035885,0.3,0.5,500
task_000187,2025-11-09 15:18:19.216033,api_request,0.3719058837113166,0.3,0.5,500
task_000188,2025-11-09 15:18:52.926040,api_request,0.34474762867995906,0.3,0.5,500
task_000189,2025-11-09 15:19:07.591236,api_request,0.275198920027433,0.3,0.5,500
task_000190,2025-11-09 15:21:40.011407,api_request,0.3008061855430119,0.3,0.5,500
task_000191,2025-11-09 15:23:47.878654,api_request,1.0,0.3,0.5,500
task_000192,2025-11-09 15:24:08.588319,scheduled_job,387.7035128896195,0.5,1.0,30000
task_000193,2025-11-09 15:28:32.510219,data_processing,14.317290490260344,0.8,2.0,5000
task_000194,2025-11-09 15:32:34.713663,ml_inference,17.161728349523937,0.9,4.0,2000
task_000195,2025-11-09 15:33:13.317982,api_request,0.5293641378023834,0.3,0.5,500
task_000196,2025-11-09 15:34:47.481591,api_request,0.14236056088199944,0.3,0.5,500
task_000197,2025-11-09 15:35:08.101545,data_processing,20.965495179205487,0.8,2.0,5000
task_000198,2025-11-09 15:35:43.241471,data_processing,31.154677828339214,0.8,2.0,5000
task_000199,2025-11-09 15:44:32.464957,data_processing,27.915974949901333,0.8,2.0,5000
task_000200,2025-11-09 15:44:56.869646,api_request,0.19701423876316682,0.3,0.5,500
task_000201,2025-11-09 15:46:20.963253,api_request,0.2251630771570066,0.3,0.5,500
task_000202,2025-11-09 15:46:24.517491,api_request,0.1,0.3,0.5,500
task_000203,2025-11-09 15:46:50.514586,data_processing,34.01670504316311,0.8,2.0,5000
task_000204,2025-11-09 15:47:36.713521,api_request,1.0,0.3,0.5,500
task_000205,2025-11-09 15:47:46.660537,data_processing,8.962201057801694,0.8,2.0,5000
task_000206,2025-11-09 15:48:02.133116,data_processing,45.11844901175012,0.8,2.0,5000
task_000207,2025-11-09 15:50:13.018730,data_processing,60.0,0.8,2.0,5000
task_000208,2025-11-09 15:51:42.346590,api_request,0.25499772924933983,0.3,0.5,500
task_000209,2025-11-09 15:56:11.489241,data_processing,17.1803251150103,0.8,2.0,5000
task_000210,2025-11-09 15:59:12.195488,data_processing,22.90866568235311,0.8,2.0,5000
task_000211,2025-11-09 15:59:36.744731,data_processing,27.185345541895998,0.8,2.0,5000
task_000212,2025-11-09 15:59:57.411734,scheduled_job,284.04077831658657,0.5,1.0,30000
task_000213,2025-11-09 16:01:39.823971,api_request,0.27047621149464274,0.3,0.5,500
task_000214,2025-11-09 16:02:14.812308,ml_inference,30.746649708429977,0.9,4.0,2000
task_000215,2025-11-09 16:05:26.428774,scheduled_job,165.17229034640678,0.5,1.0,30000
task_000216,2025-11-09 16:05:36.196892,api_request,0.5002876939049614,0.3,0.5,500
task_000217,2025-11-09 16:07:00.674223,data_processing,18.267312726739092,0.8,2.0,5000
task_000218,2025-11-09 16:07:20.204161,scheduled_job,60.0,0.5,1.0,30000
task_000219,2025-11-09 16:08:28.186194,api_request,1.0,0.3,0.5,500
task_000220,2025-11-09 16:08:55.819120,api_request,0.2297459125926338,0.3,0.5,500
task_000221,2025-11-09 16:10:09.889558,data_processing,56.15265692435415,0.8,2.0,5000
task_000222,2025-11-09 16:10:22.566141,data_processing,43.52645747901067,0.8,2.0,5000
task_000223,2025-11-09 16:16:30.289954,batch_analytics,265.40806596761547,0.7,3.0,60000
task_000224,2025-11-09 16:16:42.972750,data_processing,28.372531220289257,0.8,2.0,5000
task_000225,2025-11-09 16:18:44.277618,data_processing,31.333756305440552,0.8,2.0,5000
task_000226,2025-11-09 16:19:07.123653,batch_analytics,189.5791557265967,0.7,3.0,60000
task_000227,2025-11-09 16:19:24.444509,scheduled_job,196.69587515661172,0.5,1.0,30000
task_000228,2025-11-09 16:19:57.300441,data_processing,30.065216384407222,0.8,2.0,5000
task_000229,2025-11-09 16:20:04.204218,data_processing,1.7792868111628257,0.8,2.0,5000
task_000230,2025-11-09 16:21:00.312836,scheduled_job,218.70206651324517,0.5,1.0,30000
task_000231,2025-11-09 16:22:29.852970,data_processing,13.704287792059635,0.8,2.0,5000
task_000232,2025-11-09 16:27:44.229790,ml_inference,10.076655274783748,0.9,4.0,2000
task_000233,2025-11-09 16:27:48.994839,api_request,0.5124201199425749,0.3,0.5,500
task_000234,2025-11-09 16:28:16.985207,api_request,0.22410825715234242,0.3,0.5,500
task_000235,2025-11-09 16:29:00.913899,api_request,0.7376118837921553,0.3,0.5,500
task_000236,2025-11-09 16:34:11.155793,batch_analytics,475.8855661938207,0.7,3.0,60000
task_000237,2025-11-09 16:36:02.246285,api_request,0.5577837495830877,0.3,0.5,500
task_000238,2025-11-09 16:38:39.745489,api_request,0.6608848606993497,0.3,0.5,500
task_000239,2025-11-09 16:39:56.951402,ml_inference,28.260530623110082,0.9,4.0,2000
task_000240,2025-11-09 16:40:30.610176,api_request,0.7019278534074249,0.3,0.5,500
task_000241,2025-11-09 16:44:42.585805,data_processing,34.19079951036578,0.8,2.0,5000
task_000242,2025-11-09 16:45:39.302967,ml_inference,24.771209954693916,0.9,4.0,2000
task_000243,2025-11-09 16:45:40.360178,api_request,0.870983642284894,0.3,0.5,500
task_000244,2025-11-09 16:47:02.436269,data_processing,16.412938434225886,0.8,2.0,5000
task_000245,2025-11-09 16:47:24.215703,data_processing,10.304713459783681,0.8,2.0,5000
task_000246,2025-11-09 16:47:32.000083,api_request,0.19628487911362727,0.3,0.5,500
task_000247,2025-11-09 16:47:35.933526,ml_inference,14.616547833638414,0.9,4.0,2000
task_000248,2025-11-09 16:48:03.223573,scheduled_job,60.0,0.5,1.0,30000
task_000249,2025-11-09 16:50:44.206962,api_request,0.4388413558365987,0.3,0.5,500
task_000250,2025-11-09 16:50:46.891652,data_processing,31.687429566848085,0.8,2.0,5000
task_000251,2025-11-09 16:52:35.853912,api_request,0.7833339578612961,0.3,0.5,500
task_000252,2025-11-09 16:56:18.811520,api_request,0.10225350920047953,0.3,0.5,500
task_000253,2025-11-09 16:59:31.365288,api_request,0.20100367325353455,0.3,0.5,500
task_000254,2025-11-09 17:01:18.190735,api_request,0.7184404917424669,0.3,0.5,500
task_000255,2025-11-09 17:01:41.775347,api_request,0.316854315162165,0.3,0.5,500
task_000256,2025-11-09 17:03:35.154504,data_processing,31.089120910259854,0.8,2.0,5000
task_000257,2025-11-09 17:03:59.372556,batch_analytics,82.37406695740181,0.7,3.0,60000
task_000258,2025-11-09 17:04:13.429075,data_processing,55.53705194022115,0.8,2.0,5000
task_000259,2025-11-09 17:05:10.382013,api_request,0.12985866754748238,0.3,0.5,500
task_000260,2025-11-09 17:07:06.312518,scheduled_job,60.0,0.5,1.0,30000
task_000261,2025-11-09 17:08:17.839113,data_processing,21.66294418592306,0.8,2.0,5000
task_000262,2025-11-09 17:08:44.249922,data_processing,22.114888203648903,0.8,2.0,5000
task_000263,2025-11-09 17:08:54.579955,api_request,0.24968348534991885,0.3,0.5,500
task_000264,2025-11-09 17:10:16.933688,ml_inference,27.37444022006574,0.9,4.0,2000
task_000265,2025-11-09 17:10:45.505244,data_processing,28.019470715184212,0.8,2.0,5000
task_000266,2025-11-09 17:10:58.636054,data_processing,25.59651725754745,0.8,2.0,5000
task_000267,2025-11-09 17:11:23.812307,api_request,0.24624626318954604,0.3,0.5,500
task_000268,2025-11-09 17:17:04.804778,data_processing,10.726882983807167,0.8,2.0,5000
task_000269,2025-11-09 17:18:23.016373,data_processing,13.478523587960632,0.8,2.0,5000
task_000270,2025-11-09 17:20:30.179694,api_request,0.1916301207752491,0.3,0.5,500
task_000271,2025-11-09 17:22:50.442477,api_request,0.9071678916071163,0.3,0.5,500
task_000272,2025-11-09 17:23:34.359050,data_processing,14.385312929611379,0.8,2.0,5000
task_000273,2025-11-09 17:25:01.867252,ml_inference,21.171926257035807,0.9,4.0,2000
task_000274,2025-11-09 17:25:46.843680,api_request,0.7159294419715897,0.3,0.5,500
task_000275,2025-11-09 17:26:03.698646,api_request,0.1848969851702584,0.3,0.5,500
task_000276,2025-11-09 17:26:20.200178,api_request,0.12606608667352256,0.3,0.5,500
task_000277,2025-11-09 17:28:40.921695,ml_inference,9.709620868606732,0.9,4.0,2000
task_000278,2025-11-09 17:28:55.607172,api_request,0.45648327816565765,0.3,0.5,500
task_000279,2025-11-09 17:29:49.666592,data_processing,21.83240759738852,0.8,2.0,5000
task_000280,2025-11-09 17:29:49.881014,scheduled_job,303.3991489341447,0.5,1.0,30000
task_000281,2025-11-09 17:30:28.167490,api_request,0.34067386203034083,0.3,0.5,500
task_000282,2025-11-09 17:31:11.680824,data_processing,2.6577231490277695,0.8,2.0,5000
task_000283,2025-11-09 17:31:45.226734,data_processing,16.795318621760703,0.8,2.0,5000
task_000284,2025-11-09 17:31:54.596102,ml_inference,40.48135555841311,0.9,4.0,2000
task_000285,2025-11-09 17:33:43.561078,batch_analytics,596.7999465432553,0.7,3.0,60000
task_000286,2025-11-09 17:38:35.785606,ml_inference,20.074484817807722,0.9,4.0,2000
task_000287,2025-11-09 17:39:31.736585,api_request,0.4332676089233034,0.3,0.5,500
task_000288,2025-11-09 17:41:02.289717,api_request,0.6055395782642153,0.3,0.5,500
task_000289,2025-11-09 17:41:37.142159,api_request,0.9693352772247393,0.3,0.5,500
task_000290,2025-11-09 17:42:34.485654,api_request,0.3701563088290814,0.3,0.5,500
task_000291,2025-11-09 17:43:04.440456,data_processing,30.249780341238747,0.8,2.0,5000
task_000292,2025-11-09 17:43:16.155094,data_processing,12.03830975546889,0.8,2.0,5000
task_000293,2025-11-09 17:43:32.832763,api_request,0.13934223995099845,0.3,0.5,500
task_000294,2025-11-09 17:46:29.740320,api_request,0.2574702754821449,0.3,0.5,500
task_000295,2025-11-09 17:47:42.276613,ml_inference,59.76962276887065,0.9,4.0,2000
task_000296,2025-11-09 17:49:09.861347,scheduled_job,365.19925075140424,0.5,1.0,30000
task_000297,2025-11-09 17:49:14.974086,data_processing,7.51917955014958,0.8,2.0,5000
task_000298,2025-11-09 17:49:34.407916,scheduled_job,379.5786704688995,0.5,1.0,30000
task_000299,2025-11-09 17:49:50.080913,data_processing,7.93305127200582,0.8,2.0,5000
task_000300,2025-11-09 17:50:21.943436,api_request,0.5000112641739255,0.3,0.5,500
task_000301,2025-11-09 17:50:47.929478,ml_inference,9.087340402318079,0.9,4.0,2000
task_000302,2025-11-09 17:51:49.745306,api_request,0.14287548137946618,0.3,0.5,500
task_000303,2025-11-09 17:51:59.543969,ml_inference,60.0,0.9,4.0,2000
task_000304,2025-11-09 17:54:37.473426,api_request,0.2844644316075604,0.3,0.5,500
task_000305,2025-11-09 17:55:55.230860,api_request,0.5994742076887748,0.3,0.5,500
task_000306,2025-11-09 17:57:28.954797,api_request,0.38231250342248574,0.3,0.5,500
task_000307,2025-11-09 17:58:12.862124,api_request,0.16596103651445335,0.3,0.5,500
task_000308,2025-11-09 17:58:23.531523,ml_inference,15.574634410992035,0.9,4.0,2000
task_000309,2025-11-09 18:01:16.747837,data_processing,8.440520895449415,0.8,2.0,5000
task_000310,2025-11-09 18:02:45.113950,data_processing,60.0,0.8,2.0,5000
task_000311,2025-11-09 18:06:53.491407,api_request,0.693108419159533,0.3,0.5,500
task_000312,2025-11-09 18:07:28.901463,data_processing,19.039128154503697,0.8,2.0,5000
task_000313,2025-11-09 18:07:44.909785,data_processing,28.968783407783505,0.8,2.0,5000
task_000314,2025-11-09 18:08:05.852556,api_request,0.6557686492996229,0.3,0.5,500
task_000315,2025-11-09 18:08:09.196290,data_processing,33.217342514331115,0.8,2.0,5000
task_000316,2025-11-09 18:09:35.709250,batch_analytics,380.30226496383614,0.7,3.0,60000
task_000317,2025-11-09 18:09:59.584866,api_request,0.5940445476719911,0.3,0.5,500
task_000318,2025-11-09 18:11:21.298270,api_request,0.4014118838178408,0.3,0.5,500
task_000319,2025-11-09 18:11:26.158371,api_request,1.0,0.3,0.5,500
task_000320,2025-11-09 18:12:43.167047,api_request,0.42212930566392814,0.3,0.5,500
task_000321,2025-11-09 18:13:18.511364,ml_inference,19.476988374135285,0.9,4.0,2000
task_000322,2025-11-09 18:15:42.240834,api_request,0.42503704810401144,0.3,0.5,500
task_000323,2025-11-09 18:17:12.541462,ml_inference,22.730010099461516,0.9,4.0,2000
task_000324,2025-11-09 18:19:31.419950,data_processing,5.195538835306256,0.8,2.0,5000
task_000325,2025-11-09 18:22:02.320845,api_request,0.1907007386221388,0.3,0.5,500
task_000326,2025-11-09 18:22:49.025884,api_request,0.3406648663923599,0.3,0.5,500
task_000327,2025-11-09 18:22:51.534247,ml_inference,5.022724295947135,0.9,4.0,2000
task_000328,2025-11-09 18:22:54.278046,data_processing,19.015086958020255,0.8,2.0,5000
task_000329,2025-11-09 18:23:12.078489,batch_analytics,266.99718264340714,0.7,3.0,60000
task_000330,2025-11-09 18:23:47.820323,api_request,0.13501301666083082,0.3,0.5,500
task_000331,2025-11-09 18:26:03.654640,api_request,0.2259726285228259,0.3,0.5,500
task_000332,2025-11-09 18:28:02.750468,api_request,1.0,0.3,0.5,500
task_000333,2025-11-09 18:29:15.086791,data_processing,29.21482752783543,0.8,2.0,5000
task_000334,2025-11-09 18:29:27.499909,api_request,0.5511904559092502,0.3,0.5,500
task_000335,2025-11-09 18:30:28.400768,api_request,0.9211493985000841,0.3,0.5,500
task_000336,2025-11-09 18:30:29.320555,data_processing,9.775091973611408,0.8,2.0,5000
task_000337,2025-11-09 18:31:39.203075,scheduled_job,81.17563128027203,0.5,1.0,30000
task_000338,2025-11-09 18:34:04.485600,api_request,0.8151487556939473,0.3,0.5,500
task_000339,2025-11-09 18:34:18.288269,ml_inference,17.59760309431204,0.9,4.0,2000
task_000340,2025-11-09 18:34:56.342718,api_request,0.18968953025143484,0.3,0.5,500
task_000341,2025-11-09 18:35:00.895126,api_request,1.0,0.3,0.5,500
task_000342,2025-11-09 18:38:09.108890,batch_analytics,61.34714048307588,0.7,3.0,60000
task_000343,2025-11-09 18:40:17.487445,data_processing,21.678391629257963,0.8,2.0,5000
task_000344,2025-11-09 18:41:56.576985,data_processing,16.062579239783204,0.8,2.0,5000
task_000345,2025-11-09 18:42:13.141564,ml_inference,14.04922431855879,0.9,4.0,2000
task_000346,2025-11-09 18:43:48.092810,data_processing,3.1868532718636073,0.8,2.0,5000
task_000347,2025-11-09 18:46:47.172526,api_request,1.0,0.3,0.5,500
task_000348,2025-11-09 18:47:53.107723,api_request,0.11843180191961482,0.3,0.5,500
task_000349,2025-11-09 18:49:14.007104,api_request,0.2989215433843353,0.3,0.5,500
task_000350,2025-11-09 18:49:19.075090,ml_inference,13.264986735429899,0.9,4.0,2000
task_000351,2025-11-09 18:49:35.092282,batch_analytics,355.4981330772985,0.7,3.0,60000
task_000352,2025-11-09 18:50:15.782470,api_request,0.10302828107977678,0.3,0.5,500
task_000353,2025-11-09 18:50:52.288693,data_processing,27.065548788417907,0.8,2.0,5000
task_000354,2025-11-09 18:51:16.462803,data_processing,21.764679685646193,0.8,2.0,5000
task_000355,2025-11-09 18:51:23.923795,batch_analytics,130.72444566976054,0.7,3.0,60000
task_000356,2025-11-09 18:51:52.859791,api_request,0.5201996970242406,0.3,0.5,500
task_000357,2025-11-09 18:52:39.837593,ml_inference,18.98865595376603,0.9,4.0,2000
task_000358,2025-11-09 18:53:10.456941,api_request,1.0,0.3,0.5,500
task_000359,2025-11-09 18:53:13.696729,api_request,0.31759594836562755,0.3,0.5,500
task_000360,2025-11-09 18:53:14.394535,data_processing,8.70044716317795,0.8,2.0,5000
task_000361,2025-11-09 18:54:10.527049,data_processing,27.28804096064216,0.8,2.0,5000
task_000362,2025-11-09 18:55:13.463582,ml_inference,14.557074559099588,0.9,4.0,2000
task_000363,2025-11-09 18:55:30.642372,api_request,0.3697903154434638,0.3,0.5,500
task_000364,2025-11-09 18:56:03.065913,api_request,0.136071001378156,0.3,0.5,500
task_000365,2025-11-09 18:56:20.810618,api_request,0.6001113772399792,0.3,0.5,500
task_000366,2025-11-09 18:56:35.775667,ml_inference,12.839030711489562,0.9,4.0,2000
task_000367,2025-11-09 18:57:45.391854,data_processing,23.13221205863656,0.8,2.0,5000
task_000368,2025-11-09 18:58:27.767471,api_request,1.0,0.3,0.5,500
task_000369,2025-11-09 18:59:15.705443,api_request,0.3036520413540755,0.3,0.5,500
task_000370,2025-11-09 19:02:20.262554,api_request,0.6710586787420162,0.3,0.5,500
task_000371,2025-11-09 19:02:20.950743,batch_analytics,192.03891682737114,0.7,3.0,60000
task_000372,2025-11-09 19:03:02.513698,api_request,0.22008296193685883,0.3,0.5,500
task_000373,2025-11-09 19:03:21.713512,api_request,1.0,0.3,0.5,500
task_000374,2025-11-09 19:06:35.831805,ml_inference,4.200869647449149,0.9,4.0,2000
task_000375,2025-11-09 19:07:33.606084,ml_inference,41.86853020871641,0.9,4.0,2000
task_000376,2025-11-09 19:09:08.386569,api_request,0.1,0.3,0.5,500
task_000377,2025-11-09 19:09:10.926553,data_processing,38.19105762034171,0.8,2.0,5000
task_000378,2025-11-09 19:10:10.985115,api_request,0.37424904065165376,0.3,0.5,500
task_000379,2025-11-09 19:10:33.591409,api_request,0.17249210548519853,0.3,0.5,500
task_000380,2025-11-09 19:12:18.060356,api_request,0.26716700648026653,0.3,0.5,500
task_000381,2025-11-09 19:13:33.604368,batch_analytics,384.41863245083044,0.7,3.0,60000
task_000382,2025-11-09 19:13:35.412429,data_processing,60.0,0.8,2.0,5000
task_000383,2025-11-09 19:16:36.446730,data_processing,5.350180156706492,0.8,2.0,5000
task_000384,2025-11-09 19:18:42.348621,ml_inference,9.11112582806393,0.9,4.0,2000
task_000385,2025-11-09 19:19:41.937581,scheduled_job,76.58693350192023,0.5,1.0,30000
task_000386,2025-11-09 19:21:45.966094,scheduled_job,190.82963549440606,0.5,1.0,30000
task_000387,2025-11-09 19:22:11.442686,ml_inference,39.08909834463713,0.9,4.0,2000
task_000388,2025-11-09 19:22:33.657564,data_processing,5.8566804783920015,0.8,2.0,5000
task_000389,2025-11-09 19:22:47.816688,data_processing,18.520021045504055,0.8,2.0,5000
task_000390,2025-11-09 19:23:43.786560,api_request,0.7522080272804338,0.3,0.5,500
task_000391,2025-11-09 19:24:59.273237,api_request,0.2642494572160165,0.3,0.5,500
task_000392,2025-11-09 19:25:19.836165,api_request,0.1,0.3,0.5,500
task_000393,2025-11-09 19:26:06.911673,ml_inference,21.9261950117064,0.9,4.0,2000
task_000394,2025-11-09 19:26:49.851784,ml_inference,50.2569716851298,0.9,4.0,2000
task_000395,2025-11-09 19:27:08.833676,ml_inference,7.938152615712113,0.9,4.0,2000
task_000396,2025-11-09 19:27:14.398400,data_processing,4.507097861313726,0.8,2.0,5000
task_000397,2025-11-09 19:29:03.900706,data_processing,24.14904861734618,0.8,2.0,5000
task_000398,2025-11-09 19:30:08.909918,api_request,0.48864887888381886,0.3,0.5,500
task_000399,2025-11-09 19:30:54.718946,api_request,0.25056544762073235,0.3,0.5,500
task_000400,2025-11-09 19:32:44.591110,data_processing,10.891221094311163,0.8,2.0,5000
task_000401,2025-11-09 19:32:53.809898,batch_analytics,228.14908933864842,0.7,3.0,60000
task_000402,2025-11-09 19:33:53.012748,api_request,0.1550435824585086,0.3,0.5,500
task_000403,2025-11-09 19:33:53.193423,api_request,0.1552199126273275,0.3,0.5,500
task_000404,2025-11-09 19:35:01.062075,api_request,0.6371477861275306,0.3,0.5,500
task_000405,2025-11-09 19:36:04.785705,ml_inference,7.459499312926747,0.9,4.0,2000
task_000406,2025-11-09 19:39:58.387541,ml_inference,4.701483705066802,0.9,4.0,2000
task_000407,2025-11-09 19:40:30.769233,api_request,0.21517492108118516,0.3,0.5,500
task_000408,2025-11-09 19:42:09.559360,ml_inference,12.89706948704072,0.9,4.0,2000
task_000409,2025-11-09 19:42:46.502464,api_request,0.5354736703008037,0.3,0.5,500
task_000410,2025-11-09 19:43:44.349861,scheduled_job,137.64380513650505,0.5,1.0,30000
task_000411,2025-11-09 19:43:58.299500,data_processing,58.34766922585605,0.8,2.0,5000
task_000412,2025-11-09 19:45:30.341819,data_processing,20.020926227215558,0.8,2.0,5000
task_000413,2025-11-09 19:45:36.601366,ml_inference,9.795380985416138,0.9,4.0,2000
task_000414,2025-11-09 19:45:59.958514,api_request,0.5170924002097624,0.3,0.5,500
task_000415,2025-11-09 19:46:07.128995,batch_analytics,600.0,0.7,3.0,60000
task_000416,2025-11-09 19:46:56.089926,api_request,0.6225743628931633,0.3,0.5,500
task_000417,2025-11-09 19:47:41.393658,api_request,0.11116757685223921,0.3,0.5,500
task_000418,2025-11-09 19:48:32.048893,ml_inference,13.754231280970103,0.9,4.0,2000
task_000419,2025-11-09 19:50:32.727443,data_processing,22.843890076290666,0.8,2.0,5000
task_000420,2025-11-09 19:50:34.527466,data_processing,30.383569069808868,0.8,2.0,5000
task_000421,2025-11-09 19:50:45.445004,ml_inference,16.150745811551744,0.9,4.0,2000
task_000422,2025-11-09 19:50:52.995604,data_processing,14.46872499987765,0.8,2.0,5000
task_000423,2025-11-09 19:52:47.642133,scheduled_job,600.0,0.5,1.0,30000
task_000424,2025-11-09 19:53:27.248399,data_processing,31.857184370190602,0.8,2.0,5000
task_000425,2025-11-09 19:54:18.201706,api_request,0.5184130374531128,0.3,0.5,500
task_000426,2025-11-09 19:54:30.232666,ml_inference,11.96376048235207,0.9,4.0,2000
task_000427,2025-11-09 19:57:43.853024,api_request,0.15345074242284468,0.3,0.5,500
task_000428,2025-11-09 19:59:10.354837,batch_analytics,315.53776268391596,0.7,3.0,60000
task_000429,2025-11-09 19:59:47.347014,ml_inference,34.87159938349416,0.9,4.0,2000
task_000430,2025-11-09 20:00:05.202727,data_processing,18.61647067050469,0.8,2.0,5000
task_000431,2025-11-09 20:00:55.681182,api_request,0.6317516323455411,0.3,0.5,500
task_000432,2025-11-09 20:01:36.200790,api_request,0.6454406176379968,0.3,0.5,500
task_000433,2025-11-09 20:01:42.018283,api_request,0.7298103415074444,0.3,0.5,500
task_000434,2025-11-09 20:02:06.756614,api_request,0.10985969023688992,0.3,0.5,500
task_000435,2025-11-09 20:03:10.612564,ml_inference,14.05390317453105,0.9,4.0,2000
task_000436,2025-11-09 20:03:50.880848,ml_inference,27.911983171330945,0.9,4.0,2000
task_000437,2025-11-09 20:04:31.652944,api_request,0.3850302703115997,0.3,0.5,500
task_000438,2025-11-09 20:04:38.565790,data_processing,32.706906384529894,0.8,2.0,5000
task_000439,2025-11-09 20:07:25.885384,api_request,0.5181585938582244,0.3,0.5,500
task_000440,2025-11-09 20:08:43.044772,ml_inference,3.3395938171565684,0.9,4.0,2000
task_000441,2025-11-09 20:09:29.092673,api_request,0.8900033039665194,0.3,0.5,500
task_000442,2025-11-09 20:09:53.764901,scheduled_job,151.35187396643263,0.5,1.0,30000
task_000443,2025-11-09 20:10:13.898035,api_request,0.1855422083433684,0.3,0.5,500
task_000444,2025-11-09 20:10:46.024192,scheduled_job,518.3374557399153,0.5,1.0,30000
task_000445,2025-11-09 20:10:55.177048,api_request,0.6061380499354273,0.3,0.5,500
task_000446,2025-11-09 20:11:38.045140,data_processing,49.30762390369733,0.8,2.0,5000
task_000447,2025-11-09 20:14:13.901778,scheduled_job,273.6029059513933,0.5,1.0,30000
task_000448,2025-11-09 20:14:21.978791,api_request,0.2753605401957415,0.3,0.5,500
task_000449,2025-11-09 20:16:26.188550,data_processing,20.972966475449372,0.8,2.0,5000
task_000450,2025-11-09 20:17:09.838783,api_request,0.16239080377006918,0.3,0.5,500
task_000451,2025-11-09 20:17:47.365891,data_processing,6.336884825085206,0.8,2.0,5000
task_000452,2025-11-09 20:18:56.889651,api_request,0.22365222774517401,0.3,0.5,500
task_000453,2025-11-09 20:20:43.736049,api_request,1.0,0.3,0.5,500
task_000454,2025-11-09 20:25:27.966377,ml_inference,12.181060816241247,0.9,4.0,2000
task_000455,2025-11-09 20:25:58.598206,data_processing,4.771387570045498,0.8,2.0,5000
task_000456,2025-11-09 20:29:31.913982,api_request,0.32661576952768484,0.3,0.5,500
task_000457,2025-11-09 20:30:01.314227,scheduled_job,143.17212026426355,0.5,1.0,30000
task_000458,2025-11-09 20:32:36.057686,data_processing,45.71573624445473,0.8,2.0,5000
task_000459,2025-11-09 20:32:56.763363,api_request,1.0,0.3,0.5,500
task_000460,2025-11-09 20:33:08.134701,data_processing,13.433497418168427,0.8,2.0,5000
task_000461,2025-11-09 20:34:48.196673,api_request,0.4556511117702436,0.3,0.5,500
task_000462,2025-11-09 20:35:05.077340,api_request,0.4871311121025489,0.3,0.5,500
task_000463,2025-11-09 20:35:28.510548,api_request,0.3558755618500955,0.3,0.5,500
task_000464,2025-11-09 20:36:18.343877,data_processing,15.552213138165529,0.8,2.0,5000
task_000465,2025-11-09 20:37:39.431665,ml_inference,8.92750542755947,0.9,4.0,2000
task_000466,2025-11-09 20:38:01.184625,ml_inference,4.269826670680121,0.9,4.0,2000
task_000467,2025-11-09 20:39:38.944084,api_request,0.17589624734384215,0.3,0.5,500
task_000468,2025-11-09 20:39:39.319994,api_request,0.3461086107860109,0.3,0.5,500
task_000469,2025-11-09 20:39:50.517691,api_request,0.11602281234049927,0.3,0.5,500
task_000470,2025-11-09 20:39:58.232153,api_request,0.43673074854687227,0.3,0.5,500
task_000471,2025-11-09 20:41:01.005669,data_processing,19.766705728682098,0.8,2.0,5000
task_000472,2025-11-09 20:41:22.149786,api_request,0.23892720835006973,0.3,0.5,500
task_000473,2025-11-09 20:42:30.589395,data_processing,15.047312978190972,0.8,2.0,5000
task_000474,2025-11-09 20:43:04.034239,data_processing,6.611817209552928,0.8,2.0,5000
task_000475,2025-11-09 20:43:43.933761,api_request,0.7185885493886423,0.3,0.5,500
task_000476,2025-11-09 20:47:51.698156,batch_analytics,424.87483746379104,0.7,3.0,60000
task_000477,2025-11-09 20:50:36.191358,ml_inference,7.462667267392273,0.9,4.0,2000
task_000478,2025-11-09 20:54:18.815205,data_processing,7.617800493352367,0.8,2.0,5000
task_000479,2025-11-09 20:54:34.149536,data_processing,8.97570306329227,0.8,2.0,5000
task_000480,2025-11-09 20:54:54.243563,scheduled_job,345.10834184419423,0.5,1.0,30000
task_000481,2025-11-09 20:55:20.656605,api_request,0.48588617019363256,0.3,0.5,500
task_000482,2025-11-09 20:55:37.644923,data_processing,43.2232130111957,0.8,2.0,5000
task_000483,2025-11-09 20:57:29.290948,data_processing,47.6649114317066,0.8,2.0,5000
task_000484,2025-11-09 20:57:39.702649,api_request,0.10870274030355227,0.3,0.5,500
task_000485,2025-11-09 21:00:34.466924,data_processing,28.21707605858771,0.8,2.0,5000
task_000486,2025-11-09 21:02:06.278772,batch_analytics,545.74949482054,0.7,3.0,60000
task_000487,2025-11-09 21:03:41.709006,api_request,0.2832248827717142,0.3,0.5,500
task_000488,2025-11-09 21:04:28.960749,data_processing,18.350958420949784,0.8,2.0,5000
task_000489,2025-11-09 21:05:13.768321,api_request,0.3218287588640292,0.3,0.5,500
task_000490,2025-11-09 21:07:58.845148,ml_inference,16.83307073050005,0.9,4.0,2000
task_000491,2025-11-09 21:08:05.469080,api_request,0.7164731285463107,0.3,0.5,500
task_000492,2025-11-09 21:08:25.672671,data_processing,60.0,0.8,2.0,5000
task_000493,2025-11-09 21:08:50.656949,data_processing,56.46871606344498,0.8,2.0,5000
task_000494,2025-11-09 21:09:36.253498,api_request,0.2474288804992477,0.3,0.5,500
task_000495,2025-11-09 21:09:56.289269,api_request,0.4568215247227235,0.3,0.5,500
task_000496,2025-11-09 21:09:59.162198,scheduled_job,118.58913233071786,0.5,1.0,30000
task_000497,2025-11-09 21:12:02.351254,api_request,0.212952718838602,0.3,0.5,500
task_000498,2025-11-09 21:13:25.438949,api_request,0.35064011132409145,0.3,0.5,500
task_000499,2025-11-09 21:13:31.169784,ml_inference,10.547781279793014,0.9,4.0,2000
task_000500,2025-11-09 21:13:34.071872,data_processing,11.757377674753222,0.8,2.0,5000
task_000501,2025-11-09 21:14:06.746106,batch_analytics,268.86273815797824,0.7,3.0,60000
task_000502,2025-11-09 21:15:27.880894,ml_inference,27.890095117988956,0.9,4.0,2000
task_000503,2025-11-09 21:17:05.448230,scheduled_job,323.8495961524275,0.5,1.0,30000
task_000504,2025-11-09 21:17:35.973958,data_processing,27.50375899353115,0.8,2.0,5000
task_000505,2025-11-09 21:18:09.225750,ml_inference,6.947581309598444,0.9,4.0,2000
task_000506,2025-11-09 21:19:42.391920,ml_inference,10.15427338989993,0.9,4.0,2000
task_000507,2025-11-09 21:20:01.541012,api_request,0.3814017471325763,0.3,0.5,500
task_000508,2025-11-09 21:22:34.702553,scheduled_job,523.7737519980873,0.5,1.0,30000
task_000509,2025-11-09 21:22:35.974198,api_request,1.0,0.3,0.5,500
task_000510,2025-11-09 21:23:23.207219,api_request,0.47180128100884666,0.3,0.5,500
task_000511,2025-11-09 21:24:47.651677,ml_inference,33.307197939290226,0.9,4.0,2000
task_000512,2025-11-09 21:24:52.046477,data_processing,6.408587475943999,0.8,2.0,5000
task_000513,2025-11-09 21:26:02.005403,ml_inference,32.552638402621845,0.9,4.0,2000
task_000514,2025-11-09 21:26:30.453096,data_processing,60.0,0.8,2.0,5000
task_000515,2025-11-09 21:27:26.765934,scheduled_job,120.22345205079876,0.5,1.0,30000
task_000516,2025-11-09 21:27:28.666236,api_request,0.23837791605702344,0.3,0.5,500
task_000517,2025-11-09 21:27:29.910982,data_processing,37.195724930215434,0.8,2.0,5000
task_000518,2025-11-09 21:27:58.629893,api_request,0.37759180911444146,0.3,0.5,500
task_000519,2025-11-09 21:28:52.924338,api_request,0.1,0.3,0.5,500
task_000520,2025-11-09 21:30:10.769236,data_processing,12.604139174712328,0.8,2.0,5000
task_000521,2025-11-09 21:32:17.386695,data_processing,59.34863529685832,0.8,2.0,5000
task_000522,2025-11-09 21:33:20.630626,api_request,0.2959920693926765,0.3,0.5,500
task_000523,2025-11-09 21:33:41.443479,api_request,0.2958033486420526,0.3,0.5,500
task_000524,2025-11-09 21:34:13.085276,api_request,0.696313870803988,0.3,0.5,500
task_000525,2025-11-09 21:35:51.488355,ml_inference,24.54638418080637,0.9,4.0,2000
task_000526,2025-11-09 21:35:59.304062,data_processing,14.346081192989653,0.8,2.0,5000
task_000527,2025-11-09 21:36:14.116349,api_request,0.22671951075910457,0.3,0.5,500
task_000528,2025-11-09 21:36:46.517528,api_request,1.0,0.3,0.5,500
task_000529,2025-11-09 21:36:58.747194,api_request,1.0,0.3,0.5,500
task_000530,2025-11-09 21:37:52.726915,api_request,0.544025355428354,0.3,0.5,500
task_000531,2025-11-09 21:38:56.382482,api_request,0.5732459424377178,0.3,0.5,500
task_000532,2025-11-09 21:40:05.017267,scheduled_job,200.80092088143044,0.5,1.0,30000
task_000533,2025-11-09 21:42:20.563911,api_request,0.4809708305721585,0.3,0.5,500
task_000534,2025-11-09 21:43:38.104313,data_processing,15.559693481135307,0.8,2.0,5000
task_000535,2025-11-09 21:45:46.055192,data_processing,9.463084400174958,0.8,2.0,5000
task_000536,2025-11-09 21:45:56.526297,data_processing,25.090990970738385,0.8,2.0,5000
task_000537,2025-11-09 21:47:27.552758,data_processing,14.551582854080417,0.8,2.0,5000
task_000538,2025-11-09 21:47:41.778747,ml_inference,26.169617912413845,0.9,4.0,2000
task_000539,2025-11-09 21:47:49.869806,data_processing,30.386669180364386,0.8,2.0,5000
task_000540,2025-11-09 21:48:23.260037,data_processing,27.314813806899767,0.8,2.0,5000
task_000541,2025-11-09 21:48:53.714737,api_request,0.1763372053847945,0.3,0.5,500
task_000542,2025-11-09 21:49:20.653557,data_processing,13.39163251824152,0.8,2.0,5000
task_000543,2025-11-09 21:50:39.073085,api_request,0.292197830402994,0.3,0.5,500
task_000544,2025-11-09 21:50:45.290272,api_request,0.8076722791340673,0.3,0.5,500
task_000545,2025-11-09 21:50:50.795358,data_processing,38.98929335242212,0.8,2.0,5000
task_000546,2025-11-09 21:51:14.652841,api_request,0.2097338029945194,0.3,0.5,500
task_000547,2025-11-09 21:51:35.511938,api_request,0.13519241731637668,0.3,0.5,500
task_000548,2025-11-09 21:54:49.658444,api_request,1.0,0.3,0.5,500
task_000549,2025-11-09 21:55:35.732153,api_request,0.5231513790774128,0.3,0.5,500
task_000550,2025-11-09 21:56:23.534305,api_request,0.12290466887077035,0.3,0.5,500
task_000551,2025-11-09 21:57:32.296056,api_request,0.23549361540955505,0.3,0.5,500
task_000552,2025-11-09 21:57:34.444437,batch_analytics,502.5946690035024,0.7,3.0,60000
task_000553,2025-11-09 21:57:37.029422,data_processing,60.0,0.8,2.0,5000
task_000554,2025-11-09 21:58:00.231778,data_processing,60.0,0.8,2.0,5000
task_000555,2025-11-09 21:59:14.953688,ml_inference,25.53920865926417,0.9,4.0,2000
task_000556,2025-11-09 22:00:21.672306,api_request,0.1,0.3,0.5,500
task_000557,2025-11-09 22:00:40.929481,scheduled_job,222.60030013368856,0.5,1.0,30000
task_000558,2025-11-09 22:00:49.294554,data_processing,8.3095608543564,0.8,2.0,5000
task_000559,2025-11-09 22:02:42.313913,data_processing,20.02683757888368,0.8,2.0,5000
task_000560,2025-11-09 22:04:03.858064,api_request,0.18077008003793957,0.3,0.5,500
task_000561,2025-11-09 22:04:50.325793,data_processing,13.491270579230425,0.8,2.0,5000
task_000562,2025-11-09 22:06:44.267244,api_request,0.735289205699808,0.3,0.5,500
task_000563,2025-11-09 22:06:47.956005,api_request,0.3066805185906895,0.3,0.5,500
task_000564,2025-11-09 22:06:54.929480,data_processing,14.713746685147846,0.8,2.0,5000
task_000565,2025-11-09 22:07:14.656458,ml_inference,17.96382170821448,0.9,4.0,2000
task_000566,2025-11-09 22:07:43.970397,api_request,1.0,0.3,0.5,500
task_000567,2025-11-09 22:07:55.084887,data_processing,7.682537553832004,0.8,2.0,5000
task_000568,2025-11-09 22:09:03.699847,data_processing,23.406942056625653,0.8,2.0,5000
task_000569,2025-11-09 22:09:16.245792,ml_inference,60.0,0.9,4.0,2000
task_000570,2025-11-09 22:11:19.351901,ml_inference,17.92196403030389,0.9,4.0,2000
task_000571,2025-11-09 22:11:31.881200,api_request,0.9847207629329245,0.3,0.5,500
task_000572,2025-11-09 22:12:19.573242,ml_inference,6.508609039487535,0.9,4.0,2000
task_000573,2025-11-09 22:13:38.295070,scheduled_job,188.72536667983283,0.5,1.0,30000
task_000574,2025-11-09 22:14:08.178036,scheduled_job,117.05530674793182,0.5,1.0,30000
task_000575,2025-11-09 22:17:28.513598,api_request,0.35166652202757803,0.3,0.5,500
task_000576,2025-11-09 22:18:05.170821,ml_inference,18.070211676962906,0.9,4.0,2000
task_000577,2025-11-09 22:19:19.339620,api_request,0.3875795792382965,0.3,0.5,500
task_000578,2025-11-09 22:19:35.289890,scheduled_job,437.65113065188035,0.5,1.0,30000
task_000579,2025-11-09 22:19:39.265594,batch_analytics,60.0,0.7,3.0,60000
task_000580,2025-11-09 22:21:57.145088,api_request,0.22772591299579786,0.3,0.5,500
task_000581,2025-11-09 22:22:00.816093,api_request,0.43813626069018907,0.3,0.5,500
task_000582,2025-11-09 22:22:18.921064,ml_inference,4.1673542375029315,0.9,4.0,2000
task_000583,2025-11-09 22:23:12.487261,api_request,0.6074513941664293,0.3,0.5,500
task_000584,2025-11-09 22:23:52.419621,api_request,0.22453389906995794,0.3,0.5,500
task_000585,2025-11-09 22:24:09.599088,api_request,0.31922070204828684,0.3,0.5,500
task_000586,2025-11-09 22:26:31.007111,data_processing,38.327838324766105,0.8,2.0,5000
task_000587,2025-11-09 22:27:21.032158,ml_inference,51.853558183567706,0.9,4.0,2000
task_000588,2025-11-09 22:27:51.978121,api_request,0.6231084612318561,0.3,0.5,500
task_000589,2025-11-09 22:28:32.268400,data_processing,7.5260850092800045,0.8,2.0,5000
task_000590,2025-11-09 22:29:42.444892,api_request,0.597371093412937,0.3,0.5,500
task_000591,2025-11-09 22:29:51.332894,data_processing,31.918823522409745,0.8,2.0,5000
task_000592,2025-11-09 22:30:42.343026,api_request,0.5334297205865036,0.3,0.5,500
task_000593,2025-11-09 22:31:29.332008,ml_inference,59.930249735294424,0.9,4.0,2000
task_000594,2025-11-09 22:31:36.704670,ml_inference,19.9970512703973,0.9,4.0,2000
task_000595,2025-11-09 22:32:18.097240,api_request,1.0,0.3,0.5,500
task_000596,2025-11-09 22:32:25.463486,data_processing,57.46749593959134,0.8,2.0,5000
task_000597,2025-11-09 22:33:37.900183,api_request,0.6466632136570999,0.3,0.5,500
task_000598,2025-11-09 22:34:50.110529,api_request,0.46907536183401277,0.3,0.5,500
task_000599,2025-11-09 22:36:55.775776,scheduled_job,321.5732056555994,0.5,1.0,30000
task_000600,2025-11-09 22:36:55.938819,ml_inference,60.0,0.9,4.0,2000
task_000601,2025-11-09 22:37:26.647201,scheduled_job,523.1728484647393,0.5,1.0,30000
task_000602,2025-11-09 22:37:35.226800,data_processing,8.18664690757843,0.8,2.0,5000
task_000603,2025-11-09 22:39:11.095563,data_processing,25.70961801754594,0.8,2.0,5000
task_000604,2025-11-09 22:40:33.985784,ml_inference,9.491687171537615,0.9,4.0,2000
task_000605,2025-11-09 22:40:52.543031,api_request,0.2196053111184315,0.3,0.5,500
task_000606,2025-11-09 22:41:13.078599,api_request,0.27508950756580414,0.3,0.5,500
task_000607,2025-11-09 22:42:12.290126,scheduled_job,72.11223801189516,0.5,1.0,30000
task_000608,2025-11-09 22:43:29.764234,data_processing,9.045962990061508,0.8,2.0,5000
task_000609,2025-11-09 22:51:18.509355,ml_inference,60.0,0.9,4.0,2000
task_000610,2025-11-09 22:51:53.321942,data_processing,11.048071421925354,0.8,2.0,5000
task_000611,2025-11-09 22:52:31.914361,data_processing,37.04538214504797,0.8,2.0,5000
task_000612,2025-11-09 22:52:52.629629,api_request,0.4245265200742275,0.3,0.5,500
task_000613,2025-11-09 22:54:37.380406,api_request,0.5759978808596969,0.3,0.5,500
task_000614,2025-11-09 22:55:10.599234,api_request,0.5966230937354079,0.3,0.5,500
task_000615,2025-11-09 22:55:26.892701,api_request,0.17326541373135126,0.3,0.5,500
task_000616,2025-11-09 22:55:28.882948,data_processing,36.85763888861116,0.8,2.0,5000
task_000617,2025-11-09 22:56:32.056134,ml_inference,6.97620360059392,0.9,4.0,2000
task_000618,2025-11-09 22:58:04.596520,ml_inference,10.70923088529631,0.9,4.0,2000
task_000619,2025-11-09 22:58:41.317669,api_request,0.5894113101065628,0.3,0.5,500
task_000620,2025-11-09 22:59:08.543607,data_processing,8.345143697845998,0.8,2.0,5000
task_000621,2025-11-09 23:00:17.557787,api_request,0.1,0.3,0.5,500
task_000622,2025-11-09 23:01:47.433210,api_request,0.48942099202474737,0.3,0.5,500
task_000623,2025-11-09 23:04:42.971218,api_request,0.10581166711661392,0.3,0.5,500
task_000624,2025-11-09 23:06:23.272778,data_processing,32.19585585817419,0.8,2.0,5000
task_000625,2025-11-09 23:06:27.395461,scheduled_job,174.34585211616513,0.5,1.0,30000
task_000626,2025-11-09 23:06:56.826474,api_request,0.483740898117289,0.3,0.5,500
task_000627,2025-11-09 23:07:00.675864,api_request,0.47648096339057255,0.3,0.5,500
task_000628,2025-11-09 23:07:03.368767,data_processing,34.25917691181668,0.8,2.0,5000
task_000629,2025-11-09 23:08:02.910294,scheduled_job,362.36515434751067,0.5,1.0,30000
task_000630,2025-11-09 23:08:53.801073,batch_analytics,98.4285475156222,0.7,3.0,60000
task_000631,2025-11-09 23:09:30.055505,api_request,0.3043683442626592,0.3,0.5,500
task_000632,2025-11-09 23:09:40.030701,api_request,0.48327747876507576,0.3,0.5,500
task_000633,2025-11-09 23:10:06.040456,api_request,1.0,0.3,0.5,500
task_000634,2025-11-09 23:13:59.030474,data_processing,30.758904085876758,0.8,2.0,5000
task_000635,2025-11-09 23:16:02.755360,ml_inference,54.14524616584922,0.9,4.0,2000
task_000636,2025-11-09 23:16:54.211773,api_request,0.5041883064447391,0.3,0.5,500
task_000637,2025-11-09 23:17:22.669447,data_processing,44.75968581121854,0.8,2.0,5000
task_000638,2025-11-09 23:17:51.780183,data_processing,22.827601602359817,0.8,2.0,5000
task_000639,2025-11-09 23:21:26.665407,data_processing,43.1461980310994,0.8,2.0,5000
task_000640,2025-11-09 23:24:08.430568,batch_analytics,167.5942690584394,0.7,3.0,60000
task_000641,2025-11-09 23:24:28.802092,ml_inference,60.0,0.9,4.0,2000
task_000642,2025-11-09 23:24:51.350402,api_request,0.5519151411344545,0.3,0.5,500
task_000643,2025-11-09 23:26:19.261261,scheduled_job,72.47433085757649,0.5,1.0,30000
task_000644,2025-11-09 23:26:42.569345,scheduled_job,297.91160538115844,0.5,1.0,30000
task_000645,2025-11-09 23:28:57.958468,api_request,0.1,0.3,0.5,500
task_000646,2025-11-09 23:29:01.334394,batch_analytics,366.1649062076777,0.7,3.0,60000
task_000647,2025-11-09 23:29:41.185727,data_processing,37.96667154411963,0.8,2.0,5000
task_000648,2025-11-09 23:32:32.700496,api_request,1.0,0.3,0.5,500
task_000649,2025-11-09 23:33:00.253822,data_processing,12.477489245514677,0.8,2.0,5000
task_000650,2025-11-09 23:34:12.924718,api_request,1.0,0.3,0.5,500
task_000651,2025-11-09 23:35:23.000017,data_processing,18.755369060863323,0.8,2.0,5000
task_000652,2025-11-09 23:36:35.514918,data_processing,10.324669594783442,0.8,2.0,5000
task_000653,2025-11-09 23:36:39.783636,data_processing,12.683207260696403,0.8,2.0,5000
task_000654,2025-11-09 23:36:45.851620,data_processing,29.33637495258878,0.8,2.0,5000
task_000655,2025-11-09 23:37:05.424867,data_processing,9.250448539069353,0.8,2.0,5000
task_000656,2025-11-09 23:38:17.523041,data_processing,14.3021989607561,0.8,2.0,5000
task_000657,2025-11-09 23:38:43.452915,api_request,0.48656634930927906,0.3,0.5,500
task_000658,2025-11-09 23:38:52.838878,ml_inference,60.0,0.9,4.0,2000
task_000659,2025-11-09 23:39:28.379958,ml_inference,37.02910796459138,0.9,4.0,2000
task_000660,2025-11-09 23:39:48.757437,ml_inference,19.362442939422507,0.9,4.0,2000
task_000661,2025-11-09 23:40:04.773311,data_processing,29.225310608376166,0.8,2.0,5000
task_000662,2025-11-09 23:41:40.918392,data_processing,22.682213515762513,0.8,2.0,5000
task_000663,2025-11-09 23:42:09.070428,api_request,0.14733247074826494,0.3,0.5,500
task_000664,2025-11-09 23:42:37.979928,scheduled_job,600.0,0.5,1.0,30000
task_000665,2025-11-09 23:42:43.626373,api_request,1.0,0.3,0.5,500
task_000666,2025-11-09 23:43:45.231641,api_request,0.3487463799993611,0.3,0.5,500
task_000667,2025-11-09 23:44:03.861723,api_request,0.25779776596785386,0.3,0.5,500
task_000668,2025-11-09 23:44:57.640744,data_processing,7.568775185748211,0.8,2.0,5000
task_000669,2025-11-09 23:45:07.443925,scheduled_job,365.3465521189062,0.5,1.0,30000
task_000670,2025-11-09 23:45:37.120439,scheduled_job,367.3448487544548,0.5,1.0,30000
task_000671,2025-11-09 23:45:54.959463,api_request,0.1944257608505319,0.3,0.5,500
task_000672,2025-11-09 23:47:01.142902,ml_inference,22.89814068091967,0.9,4.0,2000
task_000673,2025-11-09 23:47:55.641410,batch_analytics,427.92698787907466,0.7,3.0,60000
task_000674,2025-11-09 23:50:37.375272,data_processing,12.371306617423883,0.8,2.0,5000
task_000675,2025-11-09 23:52:03.965895,batch_analytics,189.71142752860493,0.7,3.0,60000
task_000676,2025-11-09 23:52:12.399303,ml_inference,15.86056721052263,0.9,4.0,2000
task_000677,2025-11-09 23:52:12.518757,api_request,0.20361690840542804,0.3,0.5,500
task_000678,2025-11-09 23:52:15.403070,api_request,0.32120632547734357,0.3,0.5,500
task_000679,2025-11-09 23:54:07.023270,api_request,0.10719057945396794,0.3,0.5,500
task_000680,2025-11-09 23:54:44.367791,api_request,0.30143644672277864,0.3,0.5,500
task_000681,2025-11-09 23:57:51.883949,batch_analytics,182.99876884130651,0.7,3.0,60000
task_000682,2025-11-09 23:57:57.803443,ml_inference,17.798464045076575,0.9,4.0,2000
task_000683,2025-11-09 23:58:21.445652,api_request,0.5429711675595456,0.3,0.5,500
task_000684,2025-11-09 23:58:24.600256,ml_inference,7.141785674488239,0.9,4.0,2000
task_000685,2025-11-09 23:59:30.932349,api_request,0.16075275089425153,0.3,0.5,500
task_000686,2025-11-10 00:00:46.110208,api_request,0.19983782301545658,0.3,0.5,500
task_000687,2025-11-10 00:01:50.337381,data_processing,6.630168326319471,0.8,2.0,5000
task_000688,2025-11-10 00:02:45.378419,api_request,0.595574555020675,0.3,0.5,500
task_000689,2025-11-10 00:04:57.282252,api_request,0.23688257711640742,0.3,0.5,500
task_000690,2025-11-10 00:06:42.688310,api_request,0.3608100596591497,0.3,0.5,500
task_000691,2025-11-10 00:07:01.612735,api_request,0.18768407521148658,0.3,0.5,500
task_000692,2025-11-10 00:11:44.278851,data_processing,14.024696144511205,0.8,2.0,5000
task_000693,2025-11-10 00:16:05.724311,data_processing,23.79342769359835,0.8,2.0,5000
task_000694,2025-11-10 00:16:15.572984,data_processing,24.738569489218918,0.8,2.0,5000
task_000695,2025-11-10 00:16:24.289860,api_request,0.16571332343403616,0.3,0.5,500
task_000696,2025-11-10 00:16:48.260539,data_processing,17.532279495032526,0.8,2.0,5000
task_000697,2025-11-10 00:17:34.207596,api_request,0.1900064768070533,0.3,0.5,500
task_000698,2025-11-10 00:18:35.824474,ml_inference,17.032287223821882,0.9,4.0,2000
task_000699,2025-11-10 00:21:13.880268,data_processing,11.246728099359013,0.8,2.0,5000
task_000700,2025-11-10 00:21:20.695170,ml_inference,60.0,0.9,4.0,2000
task_000701,2025-11-10 00:22:47.393589,ml_inference,35.867978495897724,0.9,4.0,2000
task_000702,2025-11-10 00:22:49.175924,scheduled_job,304.2090776520716,0.5,1.0,30000
task_000703,2025-11-10 00:22:59.987483,ml_inference,4.000364413655305,0.9,4.0,2000
task_000704,2025-11-10 00:23:19.767707,batch_analytics,177.60654219295753,0.7,3.0,60000
task_000705,2025-11-10 00:24:26.337638,api_request,0.7275111916114912,0.3,0.5,500
task_000706,2025-11-10 00:24:56.925438,data_processing,17.932235576120924,0.8,2.0,5000
task_000707,2025-11-10 00:25:17.633240,data_processing,60.0,0.8,2.0,5000
task_000708,2025-11-10 00:27:13.327506,ml_inference,40.03215257115025,0.9,4.0,2000
task_000709,2025-11-10 00:27:15.254830,data_processing,13.947745852358034,0.8,2.0,5000
task_000710,2025-11-10 00:29:58.054213,api_request,1.0,0.3,0.5,500
task_000711,2025-11-10 00:32:21.815303,api_request,0.297171240554426,0.3,0.5,500
task_000712,2025-11-10 00:32:37.060497,api_request,1.0,0.3,0.5,500
task_000713,2025-11-10 00:35:14.873100,data_processing,60.0,0.8,2.0,5000
task_000714,2025-11-10 00:36:17.374383,data_processing,23.689291601119205,0.8,2.0,5000
task_000715,2025-11-10 00:37:15.804686,api_request,0.10996795070381857,0.3,0.5,500
task_000716,2025-11-10 00:38:01.998511,data_processing,22.24114551155877,0.8,2.0,5000
task_000717,2025-11-10 00:38:49.639811,api_request,0.15380121909444894,0.3,0.5,500
task_000718,2025-11-10 00:39:39.194650,api_request,0.22751195741998445,0.3,0.5,500
task_000719,2025-11-10 00:40:34.496901,ml_inference,12.148738792853935,0.9,4.0,2000
task_000720,2025-11-10 00:40:37.367918,api_request,0.15287380409121046,0.3,0.5,500
task_000721,2025-11-10 00:42:19.773393,api_request,0.44139322607453596,0.3,0.5,500
task_000722,2025-11-10 00:44:52.382776,ml_inference,10.529579704665613,0.9,4.0,2000
task_000723,2025-11-10 00:45:19.751673,data_processing,15.550671542666773,0.8,2.0,5000
task_000724,2025-11-10 00:45:53.956205,ml_inference,12.225844199792213,0.9,4.0,2000
task_000725,2025-11-10 00:46:00.925501,data_processing,27.539596583552907,0.8,2.0,5000
task_000726,2025-11-10 00:49:28.178879,api_request,0.5130579756763894,0.3,0.5,500
task_000727,2025-11-10 00:49:48.670489,api_request,0.28923983670104597,0.3,0.5,500
task_000728,2025-11-10 00:49:55.220211,api_request,0.5675659049680275,0.3,0.5,500
task_000729,2025-11-10 00:50:50.154982,ml_inference,49.98424850280007,0.9,4.0,2000
task_000730,2025-11-10 00:51:02.571672,api_request,0.1,0.3,0.5,500
task_000731,2025-11-10 00:52:22.420796,api_request,0.23178467625648028,0.3,0.5,500
task_000732,2025-11-10 00:53:02.906003,data_processing,8.840278883232115,0.8,2.0,5000
task_000733,2025-11-10 00:54:39.929153,api_request,0.21686593693151712,0.3,0.5,500
task_000734,2025-11-10 00:57:28.372996,scheduled_job,60.0,0.5,1.0,30000
task_000735,2025-11-10 00:58:48.261215,ml_inference,3.427953383003093,0.9,4.0,2000
task_000736,2025-11-10 01:00:20.776523,api_request,0.1,0.3,0.5,500
task_000737,2025-11-10 01:00:57.556033,data_processing,12.537690943205698,0.8,2.0,5000
task_000738,2025-11-10 01:01:16.311299,batch_analytics,145.71885238927896,0.7,3.0,60000
task_000739,2025-11-10 01:01:18.825742,ml_inference,56.78054482843081,0.9,4.0,2000
task_000740,2025-11-10 01:01:20.068513,api_request,0.41426618150163375,0.3,0.5,500
task_000741,2025-11-10 01:01:32.542733,data_processing,3.401002836400227,0.8,2.0,5000
task_000742,2025-11-10 01:01:57.268486,scheduled_job,333.38310481473854,0.5,1.0,30000
task_000743,2025-11-10 01:02:13.585795,api_request,1.0,0.3,0.5,500
task_000744,2025-11-10 01:02:26.257869,api_request,0.1,0.3,0.5,500
task_000745,2025-11-10 01:03:05.411721,ml_inference,60.0,0.9,4.0,2000
task_000746,2025-11-10 01:04:03.672929,api_request,0.3567706753462317,0.3,0.5,500
task_000747,2025-11-10 01:04:33.498179,api_request,0.2635159609256525,0.3,0.5,500
task_000748,2025-11-10 01:06:09.497780,api_request,0.23454246596988804,0.3,0.5,500
task_000749,2025-11-10 01:06:48.777100,data_processing,24.340229399728884,0.8,2.0,5000
task_000750,2025-11-10 01:08:47.684475,api_request,0.2652167673805889,0.3,0.5,500
task_000751,2025-11-10 01:14:06.829776,ml_inference,7.572081924040262,0.9,4.0,2000
task_000752,2025-11-10 01:14:40.873227,api_request,0.24110558173169247,0.3,0.5,500
task_000753,2025-11-10 01:15:16.341744,ml_inference,24.9104256944672,0.9,4.0,2000
task_000754,2025-11-10 01:19:19.382973,api_request,0.6402823152515031,0.3,0.5,500
task_000755,2025-11-10 01:19:31.680124,scheduled_job,600.0,0.5,1.0,30000
task_000756,2025-11-10 01:20:21.337300,api_request,0.4001970445818538,0.3,0.5,500
task_000757,2025-11-10 01:20:48.582583,ml_inference,52.73191918591106,0.9,4.0,2000
task_000758,2025-11-10 01:21:02.439535,api_request,0.31663356812238747,0.3,0.5,500
task_000759,2025-11-10 01:21:19.059971,batch_analytics,210.88792689016847,0.7,3.0,60000
task_000760,2025-11-10 01:22:08.885488,data_processing,17.039604130667595,0.8,2.0,5000
task_000761,2025-11-10 01:22:26.534036,data_processing,22.204480001691326,0.8,2.0,5000
task_000762,2025-11-10 01:26:20.643715,data_processing,37.48148950308071,0.8,2.0,5000
task_000763,2025-11-10 01:29:37.670044,scheduled_job,154.1992752499769,0.5,1.0,30000
task_000764,2025-11-10 01:30:54.838606,scheduled_job,108.99311545701813,0.5,1.0,30000
task_000765,2025-11-10 01:31:59.690097,api_request,0.7945242058057054,0.3,0.5,500
task_000766,2025-11-10 01:33:08.812074,batch_analytics,447.4276353377192,0.7,3.0,60000
task_000767,2025-11-10 01:33:36.422567,batch_analytics,600.0,0.7,3.0,60000
task_000768,2025-11-10 01:36:42.739922,api_request,0.2282219236417039,0.3,0.5,500
task_000769,2025-11-10 01:37:06.483474,data_processing,15.56281787271425,0.8,2.0,5000
task_000770,2025-11-10 01:38:12.229900,api_request,0.8211940290412366,0.3,0.5,500
task_000771,2025-11-10 01:38:18.686149,scheduled_job,152.85367305299917,0.5,1.0,30000
task_000772,2025-11-10 01:38:30.983704,api_request,0.6176283133403534,0.3,0.5,500
task_000773,2025-11-10 01:40:43.774081,api_request,0.31769776961548685,0.3,0.5,500
task_000774,2025-11-10 01:40:51.043773,api_request,0.47950226990659905,0.3,0.5,500
task_000775,2025-11-10 01:41:00.489470,api_request,0.14772462426991717,0.3,0.5,500
task_000776,2025-11-10 01:41:28.366658,batch_analytics,237.66091753989687,0.7,3.0,60000
task_000777,2025-11-10 01:41:41.407857,api_request,0.1,0.3,0.5,500
task_000778,2025-11-10 01:42:30.014624,data_processing,49.07349817758845,0.8,2.0,5000
task_000779,2025-11-10 01:42:47.011809,ml_inference,34.8289663199494,0.9,4.0,2000
task_000780,2025-11-10 01:44:24.503687,data_processing,8.752945805533864,0.8,2.0,5000
task_000781,2025-11-10 01:48:22.577188,data_processing,60.0,0.8,2.0,5000
task_000782,2025-11-10 01:57:08.125726,scheduled_job,550.6908052317156,0.5,1.0,30000
task_000783,2025-11-10 01:59:03.632762,api_request,0.15269892858182305,0.3,0.5,500
task_000784,2025-11-10 02:00:35.541885,api_request,0.24233494493330493,0.3,0.5,500
task_000785,2025-11-10 02:01:01.597013,data_processing,8.03074587463867,0.8,2.0,5000
task_000786,2025-11-10 02:01:09.510063,ml_inference,24.79216060459854,0.9,4.0,2000
task_000787,2025-11-10 02:01:47.556738,data_processing,11.848987616557249,0.8,2.0,5000
task_000788,2025-11-10 02:02:37.396243,api_request,0.1,0.3,0.5,500
task_000789,2025-11-10 02:02:59.516499,data_processing,17.70091418280656,0.8,2.0,5000
task_000790,2025-11-10 02:09:37.517989,data_processing,38.76871866947488,0.8,2.0,5000
task_000791,2025-11-10 02:11:15.418253,api_request,0.40266543806360605,0.3,0.5,500
task_000792,2025-11-10 02:11:30.340729,ml_inference,28.884555104044672,0.9,4.0,2000
task_000793,2025-11-10 02:12:16.999250,ml_inference,21.94132556682841,0.9,4.0,2000
task_000794,2025-11-10 02:13:20.446953,data_processing,33.59970227559058,0.8,2.0,5000
task_000795,2025-11-10 02:14:05.833786,api_request,0.46613809708424664,0.3,0.5,500
task_000796,2025-11-10 02:16:40.381949,api_request,0.33540402796775076,0.3,0.5,500
task_000797,2025-11-10 02:19:46.929061,data_processing,20.150345270974857,0.8,2.0,5000
task_000798,2025-11-10 02:21:22.448598,data_processing,60.0,0.8,2.0,5000
task_000799,2025-11-10 02:23:02.873800,api_request,0.5989617034625276,0.3,0.5,500
task_000800,2025-11-10 02:25:24.664223,data_processing,8.731950377538938,0.8,2.0,5000
task_000801,2025-11-10 02:25:28.636734,api_request,0.39365993223872703,0.3,0.5,500
task_000802,2025-11-10 02:25:57.028846,data_processing,24.43128926342822,0.8,2.0,5000
task_000803,2025-11-10 02:26:06.292186,ml_inference,16.51577995511311,0.9,4.0,2000
task_000804,2025-11-10 02:28:13.956123,batch_analytics,60.0,0.7,3.0,60000
task_000805,2025-11-10 02:29:01.594507,api_request,0.1858974164331564,0.3,0.5,500
task_000806,2025-11-10 02:30:29.510956,api_request,0.26576662628624576,0.3,0.5,500
task_000807,2025-11-10 02:32:08.204085,api_request,1.0,0.3,0.5,500
task_000808,2025-11-10 02:32:50.587879,data_processing,27.587218162347565,0.8,2.0,5000
task_000809,2025-11-10 02:35:14.053468,api_request,0.10730334404061223,0.3,0.5,500
task_000810,2025-11-10 02:35:19.941389,ml_inference,17.350382857588578,0.9,4.0,2000
task_000811,2025-11-10 02:35:37.359977,api_request,1.0,0.3,0.5,500
task_000812,2025-11-10 02:36:24.282481,api_request,0.23197359361458594,0.3,0.5,500
task_000813,2025-11-10 02:37:28.128674,api_request,0.8491247273818882,0.3,0.5,500
task_000814,2025-11-10 02:39:21.293070,api_request,0.10973036674615395,0.3,0.5,500
task_000815,2025-11-10 02:41:05.891563,ml_inference,1.9402154922232722,0.9,4.0,2000
task_000816,2025-11-10 02:41:47.651486,api_request,0.9665300651713992,0.3,0.5,500
task_000817,2025-11-10 02:41:54.277618,ml_inference,12.90989968108746,0.9,4.0,2000
task_000818,2025-11-10 02:42:00.722257,api_request,0.1,0.3,0.5,500
task_000819,2025-11-10 02:53:51.398828,scheduled_job,162.6923122000285,0.5,1.0,30000
task_000820,2025-11-10 02:55:28.293434,api_request,0.4308853810849559,0.3,0.5,500
task_000821,2025-11-10 02:57:13.522703,data_processing,26.786512633327916,0.8,2.0,5000
task_000822,2025-11-10 02:59:13.739111,api_request,0.1,0.3,0.5,500
task_000823,2025-11-10 02:59:26.882852,api_request,0.21852584160796704,0.3,0.5,500
task_000824,2025-11-10 03:01:58.807433,data_processing,19.603554486223103,0.8,2.0,5000
task_000825,2025-11-10 03:03:19.967329,ml_inference,26.736282137129983,0.9,4.0,2000
task_000826,2025-11-10 03:03:45.188787,api_request,0.1712829647332997,0.3,0.5,500
task_000827,2025-11-10 03:04:47.825937,data_processing,15.851030280003185,0.8,2.0,5000
task_000828,2025-11-10 03:07:11.167773,scheduled_job,138.85807470500626,0.5,1.0,30000
task_000829,2025-11-10 03:07:15.622644,api_request,0.442692823595802,0.3,0.5,500
task_000830,2025-11-10 03:07:35.364331,data_processing,47.26560083403692,0.8,2.0,5000
task_000831,2025-11-10 03:08:52.511617,ml_inference,14.289424710097517,0.9,4.0,2000
task_000832,2025-11-10 03:12:03.598791,data_processing,6.2412754845954375,0.8,2.0,5000
task_000833,2025-11-10 03:13:21.763140,api_request,0.20975710190891417,0.3,0.5,500
task_000834,2025-11-10 03:14:49.040718,api_request,1.0,0.3,0.5,500
task_000835,2025-11-10 03:15:49.601666,data_processing,9.422550906512477,0.8,2.0,5000
task_000836,2025-11-10 03:16:00.900801,api_request,0.14142695783735298,0.3,0.5,500
task_000837,2025-11-10 03:16:44.565314,api_request,0.2696051378687574,0.3,0.5,500
task_000838,2025-11-10 03:17:41.435645,ml_inference,17.353843977295934,0.9,4.0,2000
task_000839,2025-11-10 03:18:59.056900,api_request,0.24226624701892832,0.3,0.5,500
task_000840,2025-11-10 03:20:41.798016,scheduled_job,66.09553097607095,0.5,1.0,30000
task_000841,2025-11-10 03:21:19.566798,data_processing,24.18658384665903,0.8,2.0,5000
task_000842,2025-11-10 03:21:25.913797,ml_inference,22.39269562825897,0.9,4.0,2000
task_000843,2025-11-10 03:22:20.314473,data_processing,32.54753798831243,0.8,2.0,5000
task_000844,2025-11-10 03:22:45.025594,data_processing,21.985575099198506,0.8,2.0,5000
task_000845,2025-11-10 03:24:54.250621,data_processing,60.0,0.8,2.0,5000
task_000846,2025-11-10 03:27:40.879973,data_processing,34.76627887272909,0.8,2.0,5000
task_000847,2025-11-10 03:27:47.942811,api_request,0.575900598825468,0.3,0.5,500
task_000848,2025-11-10 03:29:52.560855,ml_inference,48.85950088836805,0.9,4.0,2000
task_000849,2025-11-10 03:34:31.319851,data_processing,20.92221304599054,0.8,2.0,5000
task_000850,2025-11-10 03:35:28.358647,api_request,0.3188836822624184,0.3,0.5,500
task_000851,2025-11-10 03:35:30.065094,ml_inference,23.96328123866844,0.9,4.0,2000
task_000852,2025-11-10 03:37:12.041799,data_processing,3.9260821986405934,0.8,2.0,5000
task_000853,2025-11-10 03:38:05.059378,data_processing,20.97631351054765,0.8,2.0,5000
task_000854,2025-11-10 03:38:11.909668,api_request,0.3430705235622363,0.3,0.5,500
task_000855,2025-11-10 03:38:49.378257,ml_inference,26.15947614838942,0.9,4.0,2000
task_000856,2025-11-10 03:39:13.748718,api_request,0.851400581924691,0.3,0.5,500
task_000857,2025-11-10 03:42:13.310462,scheduled_job,354.0764407983107,0.5,1.0,30000
task_000858,2025-11-10 03:43:57.404517,data_processing,10.622872606271875,0.8,2.0,5000
task_000859,2025-11-10 03:44:17.801036,batch_analytics,440.15278667854983,0.7,3.0,60000
task_000860,2025-11-10 03:46:07.226775,api_request,1.0,0.3,0.5,500
task_000861,2025-11-10 03:48:39.610180,data_processing,44.03619775007917,0.8,2.0,5000
task_000862,2025-11-10 03:50:15.098822,api_request,0.1314977538694627,0.3,0.5,500
task_000863,2025-11-10 03:50:25.429388,api_request,0.5848850046019638,0.3,0.5,500
task_000864,2025-11-10 03:51:20.299802,data_processing,7.382382723235717,0.8,2.0,5000
task_000865,2025-11-10 03:51:55.368430,api_request,0.2950048769518263,0.3,0.5,500
task_000866,2025-11-10 03:53:08.452572,data_processing,25.52622888709814,0.8,2.0,5000
task_000867,2025-11-10 03:54:59.317501,api_request,0.452452096202782,0.3,0.5,500
task_000868,2025-11-10 03:55:36.332948,api_request,0.8561697878556004,0.3,0.5,500
task_000869,2025-11-10 03:57:38.629697,api_request,1.0,0.3,0.5,500
task_000870,2025-11-10 04:01:10.729282,api_request,0.5481062406559759,0.3,0.5,500
task_000871,2025-11-10 04:01:54.862850,scheduled_job,166.70968360385024,0.5,1.0,30000
task_000872,2025-11-10 04:03:38.649422,data_processing,4.059414104057923,0.8,2.0,5000
task_000873,2025-11-10 04:04:57.351923,api_request,1.0,0.3,0.5,500
task_000874,2025-11-10 04:05:26.876612,data_processing,17.41159215990195,0.8,2.0,5000
task_000875,2025-11-10 04:08:29.595311,data_processing,18.146305892050474,0.8,2.0,5000
task_000876,2025-11-10 04:08:51.099261,api_request,0.3824368384724248,0.3,0.5,500
task_000877,2025-11-10 04:10:08.906159,api_request,0.5273712237720805,0.3,0.5,500
task_000878,2025-11-10 04:12:06.131696,ml_inference,27.31131385024377,0.9,4.0,2000
task_000879,2025-11-10 04:12:30.802276,api_request,0.29868518714644987,0.3,0.5,500
task_000880,2025-11-10 04:14:12.806467,data_processing,17.274787760892043,0.8,2.0,5000
task_000881,2025-11-10 04:15:48.381966,ml_inference,11.545168055171848,0.9,4.0,2000
task_000882,2025-11-10 04:16:21.437573,ml_inference,10.616642403925562,0.9,4.0,2000
task_000883,2025-11-10 04:19:07.724938,ml_inference,10.57808525771104,0.9,4.0,2000
task_000884,2025-11-10 04:19:09.527537,scheduled_job,203.19072846417396,0.5,1.0,30000
task_000885,2025-11-10 04:19:11.049572,api_request,0.18058276847636617,0.3,0.5,500
task_000886,2025-11-10 04:20:31.954570,scheduled_job,60.0,0.5,1.0,30000
task_000887,2025-11-10 04:20:37.756301,api_request,0.27414176424395187,0.3,0.5,500
task_000888,2025-11-10 04:21:17.848476,api_request,0.13749144473478392,0.3,0.5,500
task_000889,2025-11-10 04:23:17.889384,data_processing,20.410516879695223,0.8,2.0,5000
task_000890,2025-11-10 04:23:26.360104,ml_inference,11.511203900235554,0.9,4.0,2000
task_000891,2025-11-10 04:23:37.308003,api_request,0.5328427549452823,0.3,0.5,500
task_000892,2025-11-10 04:23:44.340702,api_request,0.14693831473419613,0.3,0.5,500
task_000893,2025-11-10 04:26:47.206914,data_processing,4.604621524856364,0.8,2.0,5000
task_000894,2025-11-10 04:28:09.691641,api_request,0.3424768518662746,0.3,0.5,500
task_000895,2025-11-10 04:28:56.909691,data_processing,13.40663832267399,0.8,2.0,5000
task_000896,2025-11-10 04:30:41.967825,api_request,0.1289980734405799,0.3,0.5,500
task_000897,2025-11-10 04:32:07.031285,scheduled_job,413.0215261151947,0.5,1.0,30000
task_000898,2025-11-10 04:34:57.815527,scheduled_job,99.574266898011,0.5,1.0,30000
task_000899,2025-11-10 04:36:29.284470,data_processing,10.24280321873865,0.8,2.0,5000
task_000900,2025-11-10 04:37:07.654814,api_request,0.8073465228261403,0.3,0.5,500
task_000901,2025-11-10 04:37:20.125575,data_processing,28.24809423519199,0.8,2.0,5000
task_000902,2025-11-10 04:37:36.652500,ml_inference,7.733701998102082,0.9,4.0,2000
task_000903,2025-11-10 04:37:40.876278,ml_inference,14.352040746563492,0.9,4.0,2000
task_000904,2025-11-10 04:39:19.694053,api_request,0.14203479865042448,0.3,0.5,500
task_000905,2025-11-10 04:39:37.917454,api_request,0.7563174210323328,0.3,0.5,500
task_000906,2025-11-10 04:41:40.094790,batch_analytics,453.52050247469947,0.7,3.0,60000
task_000907,2025-11-10 04:41:54.916271,scheduled_job,600.0,0.5,1.0,30000
task_000908,2025-11-10 04:42:32.293843,api_request,1.0,0.3,0.5,500
task_000909,2025-11-10 04:44:22.320698,data_processing,11.409087446890025,0.8,2.0,5000
task_000910,2025-11-10 04:44:33.877120,data_processing,33.072203195329344,0.8,2.0,5000
task_000911,2025-11-10 04:45:01.934790,scheduled_job,60.0,0.5,1.0,30000
task_000912,2025-11-10 04:48:04.269040,api_request,0.42908002290127584,0.3,0.5,500
task_000913,2025-11-10 04:49:32.243254,ml_inference,26.281871770078236,0.9,4.0,2000
task_000914,2025-11-10 04:51:39.274177,data_processing,8.72917112077098,0.8,2.0,5000
task_000915,2025-11-10 04:57:38.624574,ml_inference,10.880012747732668,0.9,4.0,2000
task_000916,2025-11-10 04:58:50.781016,api_request,0.7603827130652353,0.3,0.5,500
task_000917,2025-11-10 04:59:00.444351,api_request,0.5308519989903043,0.3,0.5,500
task_000918,2025-11-10 05:07:31.369510,data_processing,60.0,0.8,2.0,5000
task_000919,2025-11-10 05:08:54.392142,data_processing,60.0,0.8,2.0,5000
task_000920,2025-11-10 05:09:18.917479,data_processing,4.969031528892676,0.8,2.0,5000
task_000921,2025-11-10 05:09:24.016568,ml_inference,12.292201228843284,0.9,4.0,2000
task_000922,2025-11-10 05:10:36.741620,api_request,0.15971491008605576,0.3,0.5,500
task_000923,2025-11-10 05:10:51.304462,data_processing,34.27854483120704,0.8,2.0,5000
task_000924,2025-11-10 05:12:23.060171,ml_inference,23.46533774692564,0.9,4.0,2000
task_000925,2025-11-10 05:12:28.674970,ml_inference,8.484363245463818,0.9,4.0,2000
task_000926,2025-11-10 05:12:31.676634,api_request,0.1879211073006877,0.3,0.5,500
task_000927,2025-11-10 05:15:52.451949,data_processing,50.816375149143084,0.8,2.0,5000
task_000928,2025-11-10 05:18:58.838863,scheduled_job,158.91186577882834,0.5,1.0,30000
task_000929,2025-11-10 05:21:34.132792,api_request,0.1,0.3,0.5,500
task_000930,2025-11-10 05:26:03.116349,api_request,0.15709034264176247,0.3,0.5,500
task_000931,2025-11-10 05:29:46.580303,data_processing,60.0,0.8,2.0,5000
task_000932,2025-11-10 05:38:49.448070,api_request,0.8283685666874906,0.3,0.5,500
task_000933,2025-11-10 05:40:22.367686,batch_analytics,81.34824398202208,0.7,3.0,60000
task_000934,2025-11-10 05:41:18.051268,api_request,0.4289204135267718,0.3,0.5,500
task_000935,2025-11-10 05:42:25.667500,data_processing,39.60106270436085,0.8,2.0,5000
task_000936,2025-11-10 05:43:12.027323,data_processing,4.92165136144014,0.8,2.0,5000
task_000937,2025-11-10 05:50:00.098025,scheduled_job,517.8368368058365,0.5,1.0,30000
task_000938,2025-11-10 05:50:24.907326,data_processing,26.617509343098504,0.8,2.0,5000
task_000939,2025-11-10 05:51:15.347058,api_request,0.20581507016420286,0.3,0.5,500
task_000940,2025-11-10 05:56:43.893642,data_processing,30.299206508000786,0.8,2.0,5000
task_000941,2025-11-10 05:57:35.099930,ml_inference,23.737362809860745,0.9,4.0,2000
task_000942,2025-11-10 06:02:22.625822,data_processing,25.093764676868773,0.8,2.0,5000
task_000943,2025-11-10 06:04:16.981286,api_request,0.4165366868815165,0.3,0.5,500
task_000944,2025-11-10 06:07:18.833165,api_request,0.18284674378387067,0.3,0.5,500
task_000945,2025-11-10 06:13:15.438433,data_processing,10.577688379857225,0.8,2.0,5000
task_000946,2025-11-10 06:16:07.315432,data_processing,15.456585752397569,0.8,2.0,5000
task_000947,2025-11-10 06:16:42.604197,ml_inference,19.401021545416036,0.9,4.0,2000
task_000948,2025-11-10 06:17:10.311378,api_request,0.6300734907659418,0.3,0.5,500
task_000949,2025-11-10 06:24:36.117124,api_request,1.0,0.3,0.5,500
task_000950,2025-11-10 06:26:09.962035,api_request,0.44526060664429057,0.3,0.5,500
task_000951,2025-11-10 06:27:38.091571,api_request,0.6206048927084254,0.3,0.5,500
task_000952,2025-11-10 06:28:58.172797,data_processing,37.85070277186254,0.8,2.0,5000
task_000953,2025-11-10 06:33:09.839429,api_request,0.6587942667331269,0.3,0.5,500
task_000954,2025-11-10 06:36:01.997862,api_request,0.17776878143574826,0.3,0.5,500
task_000955,2025-11-10 06:38:32.236121,api_request,1.0,0.3,0.5,500
task_000956,2025-11-10 07:03:15.252506,api_request,0.943561903355047,0.3,0.5,500
task_000957,2025-11-10 07:03:55.466486,batch_analytics,247.17944718475417,0.7,3.0,60000
task_000958,2025-11-10 07:08:46.221260,data_processing,9.385454222627686,0.8,2.0,5000
task_000959,2025-11-10 07:14:52.883629,data_processing,19.15471131792113,0.8,2.0,5000
task_000960,2025-11-10 07:14:55.784670,api_request,0.10609218942458282,0.3,0.5,500
task_000961,2025-11-10 07:15:08.163603,api_request,1.0,0.3,0.5,500
task_000962,2025-11-10 07:16:26.426524,api_request,0.2239260538852064,0.3,0.5,500
task_000963,2025-11-10 07:20:03.426545,api_request,0.29385072682181573,0.3,0.5,500
task_000964,2025-11-10 07:23:40.991828,batch_analytics,600.0,0.7,3.0,60000
task_000965,2025-11-10 07:25:35.272716,scheduled_job,60.0,0.5,1.0,30000
task_000966,2025-11-10 07:29:13.155910,batch_analytics,600.0,0.7,3.0,60000
task_000967,2025-11-10 07:29:50.328945,api_request,0.48488986880323814,0.3,0.5,500
task_000968,2025-11-10 07:33:16.993200,api_request,1.0,0.3,0.5,500
task_000969,2025-11-10 07:34:34.686778,data_processing,8.77685391942895,0.8,2.0,5000
task_000970,2025-11-10 07:38:01.752381,api_request,0.4850952709848701,0.3,0.5,500
task_000971,2025-11-10 07:50:01.248767,api_request,0.17471613031854147,0.3,0.5,500
task_000972,2025-11-10 07:55:40.916914,data_processing,45.11345967171549,0.8,2.0,5000
task_000973,2025-11-10 07:55:57.247331,ml_inference,43.71189648183289,0.9,4.0,2000
task_000974,2025-11-10 07:57:21.720813,scheduled_job,600.0,0.5,1.0,30000
task_000975,2025-11-10 07:57:31.503262,data_processing,18.6953080464474,0.8,2.0,5000
task_000976,2025-11-10 07:58:58.824581,api_request,1.0,0.3,0.5,500
task_000977,2025-11-10 07:59:37.548682,ml_inference,8.303822320285585,0.9,4.0,2000
task_000978,2025-11-10 08:01:47.422069,api_request,0.3543833108828232,0.3,0.5,500
task_000979,2025-11-10 08:06:36.882021,data_processing,8.5222522931213,0.8,2.0,5000
task_000980,2025-11-10 08:06:53.145641,data_processing,21.876843239690775,0.8,2.0,5000
task_000981,2025-11-10 08:10:47.034724,data_processing,9.072690814524044,0.8,2.0,5000
task_000982,2025-11-10 08:13:43.107011,api_request,0.8948041614339367,0.3,0.5,500
task_000983,2025-11-10 08:14:37.430384,api_request,0.5411179097247709,0.3,0.5,500
task_000984,2025-11-10 08:19:21.657563,data_processing,7.805219040397777,0.8,2.0,5000
task_000985,2025-11-10 08:24:52.721354,api_request,0.7214795735305402,0.3,0.5,500
task_000986,2025-11-10 08:25:15.492424,data_processing,60.0,0.8,2.0,5000
task_000987,2025-11-10 08:31:09.436457,api_request,0.5856720447714223,0.3,0.5,500
task_000988,2025-11-10 08:36:29.859143,data_processing,6.270550811611306,0.8,2.0,5000
task_000989,2025-11-10 08:37:55.465495,ml_inference,16.599093344118508,0.9,4.0,2000
task_000990,2025-11-10 08:42:24.668947,data_processing,32.89717062761822,0.8,2.0,5000
task_000991,2025-11-10 08:47:24.517856,api_request,0.3047092320004756,0.3,0.5,500
task_000992,2025-11-10 08:48:12.379797,api_request,0.1627813093435582,0.3,0.5,500
task_000993,2025-11-10 08:48:42.452481,data_processing,50.02505510587271,0.8,2.0,5000
task_000994,2025-11-10 08:49:10.574586,api_request,0.29471102086898227,0.3,0.5,500
task_000995,2025-11-10 08:51:33.640810,data_processing,60.0,0.8,2.0,5000
task_000996,2025-11-10 08:52:36.449803,scheduled_job,146.51975772949234,0.5,1.0,30000
task_000997,2025-11-10 08:54:43.286771,data_processing,14.236331052572652,0.8,2.0,5000
task_000998,2025-11-10 08:55:14.608173,batch_analytics,138.05170037800278,0.7,3.0,60000
task_000999,2025-11-10 08:57:37.224984,api_request,0.32408242363801404,0.3,0.5,500
